"l","u","trt","strata"
0.314914012793452,1.2981892991811,"0","S1"
1.11570773087442,2.72074729250744,"0","S1"
1.15994542976841,2.79452793579549,"0","S1"
0,1.52605385100469,"0","S1"
1.36925105191767,2.67632597964257,"0","S1"
1.16205953247845,Inf,"0","S1"
0,1.47141303354874,"0","S1"
2.03710417915136,Inf,"0","S1"
1.55459996126592,2.8566815587692,"0","S1"
0.774443282745779,1.74318776605651,"0","S1"
0,1.52923244144768,"0","S1"
0,0.487831996288151,"0","S1"
0.422804329544306,1.76917935907841,"0","S1"
0.514687148854136,1.67676582327113,"0","S1"
0,1.79757787846029,"0","S1"
0,0.914245652966201,"0","S1"
0.480454355943948,2.07748161582276,"0","S1"
2.21596760395914,3.90615700092167,"0","S1"
1.15016159275547,2.52602950297296,"0","S1"
0,1.70933814486489,"0","S1"
0,1.9954951913096,"0","S1"
1.30770933022723,1.5603428860195,"0","S1"
1.18390342500061,2.26786626316607,"0","S1"
1.24520412040874,3.00970893632621,"0","S1"
1.09419090393931,2.6717865280807,"0","S1"
0,1.4444721667096,"0","S1"
0,1.25934978248551,"0","S1"
0.157422626856714,2.06044402997941,"0","S1"
1.26771076954901,2.55445844028145,"0","S1"
0.478860496543348,2.19828739808872,"0","S1"
0,1.87234780983999,"0","S1"
0,1.26539954915643,"0","S1"
0,1.19298622338101,"0","S1"
1.56371801439673,2.69355332292616,"0","S1"
0.25341058941558,1.46667851042002,"0","S1"
2.12801323086023,3.72398062190041,"0","S1"
0.839948019012809,1.66942049004138,"0","S1"
1.27371851075441,2.54723617108539,"0","S1"
0.997613912448287,2.48463737545535,"0","S1"
0.560119276866317,1.78365651052445,"0","S1"
0,1.74505880428478,"0","S1"
2.1762138013728,3.19863957539201,"0","S1"
1.03658601501957,1.94769720500335,"0","S1"
0.00310206599533558,0.550298640504479,"0","S1"
1.5192391090095,2.51163560757414,"0","S1"
1.37434478104115,1.383134260308,"0","S1"
2.6042322749272,Inf,"0","S1"
1.46506511513144,3.39329646388069,"0","S1"
1.2124583045952,2.43557387543842,"0","S1"
0,1.0339192901738,"0","S1"
0,0.983056272845715,"0","S1"
1.56415524054319,3.17649987526238,"0","S1"
0,1.85364512074739,"0","S1"
0.12546424055472,1.51242899848148,"0","S1"
1.38755150604993,3.37335508875549,"0","S1"
0.262854676693678,2.04138184012845,"0","S1"
0.99132790369913,1.47112362599,"0","S1"
1.34852588782087,2.74129803525284,"0","S1"
0.976299582049251,1.37271901406348,"0","S1"
0.737686130683869,2.50628841016442,"0","S1"
1.23554649064317,2.24070821097121,"0","S1"
1.55895178345963,3.45615962194279,"0","S1"
0.901226445101202,2.88697736058384,"0","S1"
0.934177433140576,1.08674543630332,"0","S1"
1.65183193143457,Inf,"0","S1"
1.61392937367782,2.08285323763266,"0","S1"
0,1.97435054648668,"0","S1"
0.417443948797882,2.14925984712318,"0","S1"
0.0542181581258774,1.01736447727308,"0","S1"
1.1900430242531,2.56406469503418,"0","S1"
0.879412069916725,2.19750020978972,"0","S1"
0.854070502799004,2.25966324005276,"0","S1"
0,1.95709861535579,"0","S1"
1.5741131817922,2.66417679656297,"0","S1"
2.12653358234093,3.51871794788167,"0","S1"
2.67281937878579,Inf,"0","S1"
0.604825673624873,2.33241114439443,"0","S1"
2.12898606481031,Inf,"0","S1"
0.929729273542762,2.44235126487911,"0","S1"
0,0.635648501571268,"0","S1"
2.02572376001626,Inf,"0","S1"
0.820176871493459,2.50398699752986,"0","S1"
1.56740608112887,3.32869350211695,"0","S1"
2.23170777503401,Inf,"0","S1"
0,1.43928770767525,"0","S1"
0.481190993450582,Inf,"0","S1"
1.87143089389428,3.00512145506218,"0","S1"
2.49949374655262,3.46426433138549,"0","S1"
1.00500483252108,2.5999463731423,"0","S1"
0,1.80386805348098,"0","S1"
1.56679878011346,2.84392803488299,"0","S1"
2.43128696503118,Inf,"0","S1"
1.76702627865598,2.71490573696792,"0","S1"
0,1.84637063415721,"0","S1"
1.64372628089041,2.73128307564184,"0","S1"
1.30816893326119,2.85263515077531,"0","S1"
1.05289389612153,Inf,"0","S1"
1.6889862427488,3.18672636849806,"0","S1"
1.427514674142,3.36358211888,"0","S1"
2.31674925517291,Inf,"0","S1"
0.869497704785317,2.11532447952777,"0","S1"
1.54552826285362,2.57377481972799,"0","S1"
0.324564109556377,1.95994392270222,"0","S1"
1.57446378981695,Inf,"0","S1"
0.887865831144154,2.06431931536645,"0","S1"
2.21021160623059,2.45870425505564,"0","S1"
1.00483415042982,2.63801578711718,"0","S1"
2.24035901110619,2.46888598054647,"0","S1"
0.263002921361476,1.94811785407364,"0","S1"
2.05526906391606,Inf,"0","S1"
0.149519801139832,1.89460259350017,"0","S1"
0.390746900811791,0.670359771698713,"0","S1"
0,1.60283248731866,"0","S1"
1.14432711713016,Inf,"0","S1"
0,0.93731781328097,"0","S1"
2.38519775727764,3.33531804941595,"0","S1"
1.14723264751956,2.43179879337549,"0","S1"
0.911828668788075,Inf,"0","S1"
0.807141289580613,1.48844753252342,"0","S1"
2.07430671295151,3.80811523506418,"0","S1"
0,1.51691277325153,"0","S1"
1.29281025473028,2.8991936147213,"0","S1"
0.582425743341446,2.42227957723662,"0","S1"
1.3547830642201,3.17819559993222,"0","S1"
1.09417624445632,1.99349573627114,"0","S1"
1.07855089381337,2.56934781186283,"0","S1"
1.46962996665388,2.95014845579863,"0","S1"
0.338172877207398,1.68865393381566,"0","S1"
0,1.63995515694842,"0","S1"
0.49753050878644,2.24093454936519,"0","S1"
0.959118505939841,Inf,"0","S1"
0.722437147051096,1.64356018649414,"0","S1"
0,0.932215493638068,"0","S1"
0.976321551017463,2.70671456633136,"0","S1"
0,0.770627490710467,"0","S1"
0,1.392470438499,"0","S1"
0.479864035733044,1.60295383445919,"0","S1"
1.18028740817681,1.88051251834258,"0","S1"
1.22557613579556,1.93370090145618,"0","S1"
0,1.94432995049283,"0","S1"
0,1.74177928268909,"0","S1"
1.91788577893749,3.83030792232603,"0","S1"
0,1.35685105575249,"0","S1"
0,1.73413826245815,"0","S1"
1.54219238180667,3.11581009905785,"0","S1"
1.91212171409279,2.27525172196329,"0","S1"
0,1.59280513459817,"0","S1"
0.362793862819672,1.69078251579776,"0","S1"
0,1.5009094607085,"0","S1"
1.81852269079536,3.04519365681335,"0","S1"
1.32499416451901,2.3755064480938,"0","S1"
1.6607263176702,Inf,"0","S1"
0,1.14554553851485,"0","S1"
1.78305661072955,3.53076815558597,"0","S1"
1.97956531075761,Inf,"0","S1"
1.82187473354861,3.14630100456998,"0","S1"
1.35786414658651,Inf,"0","S1"
0.260234239045531,Inf,"0","S1"
0,1.95409874478355,"0","S1"
2.61634823633358,3.55041980464011,"0","S1"
0,1.4956348403357,"0","S1"
0.88249169755727,2.11366572696716,"0","S1"
0.194043289870024,1.72752076946199,"0","S1"
2.549062830396,Inf,"0","S1"
0.381008685566485,1.24077469715849,"0","S1"
0,1.62858411669731,"0","S1"
0.880676446016878,2.19879486737773,"0","S1"
0,1.86064141942188,"0","S1"
0.82400309946388,1.72049313643947,"0","S1"
1.62917708000168,Inf,"0","S1"
3.21863127173856,Inf,"0","S1"
0,1.44140204740688,"0","S1"
1.05325814569369,1.84260363131762,"0","S1"
0.661411555018276,1.4802971528843,"0","S1"
1.6741127143614,2.95972395222634,"0","S1"
1.23668498452753,2.22801094921306,"0","S1"
2.12041828176007,Inf,"0","S1"
0,1.58979920716956,"0","S1"
1.90160624450073,Inf,"0","S1"
2.2519417302683,Inf,"0","S1"
1.21751326136291,2.24167691869661,"0","S1"
2.86309162247926,Inf,"0","S1"
3.0503052980639,Inf,"0","S1"
2.53070799540728,3.37314351694658,"0","S1"
0,1.37573230080307,"0","S1"
2.11154129356146,Inf,"0","S1"
0,0.693580058403313,"0","S1"
0,1.37729779118672,"0","S1"
0.373895162250847,1.82326763542369,"0","S1"
0,1.40082966443151,"0","S1"
0,1.37548080692068,"0","S1"
1.12500952230766,Inf,"0","S1"
0.158835472539067,1.21358152339235,"0","S1"
2.85053142625839,Inf,"0","S1"
1.13383230054751,1.99419339513406,"0","S1"
0.289230605587363,1.96888128109276,"0","S1"
1.3557146624662,1.65047786664218,"0","S1"
0,1.3870394830592,"0","S1"
1.10784606309608,3.073500726372,"0","S1"
2.90709445625544,Inf,"0","S1"
2.83282337896526,4.01808623503894,"1","S1"
0,1.63460725685582,"1","S1"
0,1.89755800412968,"1","S1"
1.91953566018492,Inf,"1","S1"
2.89235901553184,Inf,"1","S1"
0.105403769295663,0.773449825588614,"1","S1"
0.974996323697269,2.03146482957527,"1","S1"
0.663176254369318,0.905693936627358,"1","S1"
1.17886368976906,2.94758527399972,"1","S1"
0.916406895965338,2.83397428458557,"1","S1"
0,1.00123443035409,"1","S1"
0.468324802350253,Inf,"1","S1"
0,1.79100808454677,"1","S1"
0.359054917935282,1.51798426453024,"1","S1"
0.862220542505383,2.72169141611084,"1","S1"
0.641729352995753,1.81855260161683,"1","S1"
0,1.41752065625042,"1","S1"
0.646341801155359,1.82450544834137,"1","S1"
0,1.98356950189918,"1","S1"
1.0126970782876,2.65249777166173,"1","S1"
0,1.53891338035464,"1","S1"
0.875851776450872,1.91426767827943,"1","S1"
0,1.69339087279513,"1","S1"
0,1.81799971917644,"1","S1"
0.223196839913726,1.4223196581006,"1","S1"
0,1.01956145698205,"1","S1"
0.198888320010155,1.89057263778523,"1","S1"
1.26583524234593,2.51031277608126,"1","S1"
1.49812190840021,Inf,"1","S1"
0.837800809182227,2.62451498676091,"1","S1"
0.962384832557291,2.84434350673109,"1","S1"
2.05986209027469,3.42357521131635,"1","S1"
0.666281185578555,2.36547153582796,"1","S1"
0,1.37842554086819,"1","S1"
0,1.09522021515295,"1","S1"
1.21898474218324,3.21548213344067,"1","S1"
0,1.80019350163639,"1","S1"
0.544551986269653,2.45364151708782,"1","S1"
0,0.997477558907121,"1","S1"
0.566241662018001,2.11175519879907,"1","S1"
2.20236523123458,3.51808308251202,"1","S1"
1.04247806081548,1.26830681599677,"1","S1"
0.932567181065679,2.60976031562313,"1","S1"
0,1.09186955261976,"1","S1"
1.53614038648084,2.84009843040258,"1","S1"
1.16433560661972,2.47405067784712,"1","S1"
1.1561603336595,2.77586635435,"1","S1"
0.313027096912265,1.42349006002769,"1","S1"
1.6677057989873,2.73650405649096,"1","S1"
0,1.44967767642811,"1","S1"
0.0698091350495815,2.01591360662133,"1","S1"
1.08912740368396,2.75922298058867,"1","S1"
0.799578108359128,2.77553295670077,"1","S1"
0,1.22445183526725,"1","S1"
0.466449155006558,1.83532518101856,"1","S1"
0.749927523545921,1.9712954252027,"1","S1"
1.5579252447933,Inf,"1","S1"
0,1.10255029425025,"1","S1"
1.7934006084688,Inf,"1","S1"
1.39688029838726,3.09295195527375,"1","S1"
0,1.74277871008962,"1","S1"
0,1.27628314029425,"1","S1"
0.937073361128569,2.15834564063698,"1","S1"
1.36815646383911,3.07669183937833,"1","S1"
0,1.37430458236486,"1","S1"
0,1.7735408116132,"1","S1"
0,0.90681915031746,"1","S1"
0.893921264912933,2.61235157307237,"1","S1"
0,1.73079079063609,"1","S1"
1.09036359889433,2.18821785692126,"1","S1"
1.65220747562125,2.27715881867334,"1","S1"
0.723496311809868,2.43291572155431,"1","S1"
1.0754655925557,2.70555264223367,"1","S1"
0.868362273089588,2.81563396798447,"1","S1"
1.78297530626878,3.46494398545474,"1","S1"
1.45758373336866,Inf,"1","S1"
0,0.685434797313064,"1","S1"
1.16698193596676,2.64008644409478,"1","S1"
0.496858844999224,1.57856981176883,"1","S1"
1.14229848235846,1.57522784732282,"1","S1"
2.10930320248008,4.07852420117706,"1","S1"
0.937879816628993,1.65885722823441,"1","S1"
0,1.93409739946947,"1","S1"
0,1.64044799935073,"1","S1"
1.34050043532625,1.49399298615754,"1","S1"
1.62970587145537,3.13484350824729,"1","S1"
0.8685891488567,Inf,"1","S1"
1.11623902013525,1.62602618383244,"1","S1"
0.69893789337948,2.24818450724706,"1","S1"
1.44212018372491,Inf,"1","S1"
0.291250020265579,1.93601979641244,"1","S1"
0,1.36372420983389,"1","S1"
0,1.60764011740685,"1","S1"
0.533374250400811,2.28170175105333,"1","S1"
0.532967804465443,1.92643405590206,"1","S1"
0.278981322888285,0.6773916259408,"1","S1"
0,1.84180593071505,"1","S1"
1.17038687691092,1.82289166050032,"1","S1"
0.490552154835314,2.21193515323102,"1","S1"
1.32577987434343,3.17222233396024,"1","S1"
0.345260943286121,2.2651894018054,"1","S1"
0.469627309590578,1.75949706835672,"1","S1"
0.618007406592369,2.5140730375424,"1","S1"
0.0247406465932727,1.40522307669744,"1","S1"
0.359940556343645,2.06065811170265,"1","S1"
1.23426024150103,2.913142896723,"1","S1"
0.203199573792517,1.7363687204197,"1","S1"
0.152405047789216,1.46978905843571,"1","S1"
2.06717594526708,Inf,"1","S1"
0.64634265890345,1.38285768637434,"1","S1"
0,0.717198887374252,"1","S1"
0.837511296849698,1.56005626032129,"1","S1"
0.596099971327931,1.28097992856055,"1","S1"
0.580163776408881,1.39900140604004,"1","S1"
1.06005257880315,2.55200996156782,"1","S1"
0.602012628689408,2.04819964710623,"1","S1"
0,0.862744568381459,"1","S1"
0,1.31754016783088,"1","S1"
1.51855174079537,Inf,"1","S1"
0,0.891295998822898,"1","S1"
0,1.86308015789837,"1","S1"
0,1.01089950697497,"1","S1"
1.68182383896783,2.70048099756241,"1","S1"
0.510180797893554,1.88765533082187,"1","S1"
0.833093246910721,2.56262305378914,"1","S1"
0,1.45637534046546,"1","S1"
0,0.560410166159272,"1","S1"
0,0.81401341734454,"1","S1"
1.47567059099674,2.64236524514854,"1","S1"
2.00040017720312,2.75268972106278,"1","S1"
0.365364167373627,2.28386377729475,"1","S1"
0.460354447830468,1.98846836341545,"1","S1"
0,1.46126391040161,"1","S1"
0.963404590263963,2.13879251340404,"1","S1"
0,1.94475283706561,"1","S1"
0.466710967943072,1.90684283385053,"1","S1"
0,1.53432747581974,"1","S1"
1.27158348727971,Inf,"1","S1"
0,1.82236914429814,"1","S1"
0.995777777861804,2.1482786051929,"1","S1"
1.44066044688225,3.15754484664649,"1","S1"
1.8403781731613,1.97180712828413,"1","S1"
0,1.94379639113322,"1","S1"
0.266256533563137,1.77192439557984,"1","S1"
1.69828285882249,2.32787864841521,"1","S1"
0.634498191531748,2.46844705427065,"1","S1"
2.12079991167411,Inf,"1","S1"
0.574917264748365,2.34552674647421,"1","S1"
0,1.92544504674152,"1","S1"
1.06945913378149,2.62435964820907,"1","S1"
1.45101015269756,1.95727494871244,"1","S1"
1.50230179028586,3.13635331997648,"1","S1"
0,0.945585436187685,"1","S1"
0.176427606027573,1.85727950138971,"1","S1"
0.501656040549278,2.24913795525208,"1","S1"
1.01056413305923,Inf,"1","S1"
0.98310352768749,2.38607281912118,"1","S1"
2.3135869698599,4.30636872304603,"1","S1"
0.490814848802984,2.1803054609336,"1","S1"
2.06481279758736,Inf,"1","S1"
0,1.90209479024634,"1","S1"
0,1.51853329641744,"1","S1"
0.985511805396527,2.90432776883245,"1","S1"
1.15009446861222,1.63541806675494,"1","S1"
2.00808553071693,2.66179182333872,"1","S1"
0,1.63628664147109,"1","S1"
0.77454266929999,1.5167997488752,"1","S1"
1.09398916410282,3.08878453774378,"1","S1"
1.0361210256815,1.81211613444611,"1","S1"
0.509019303135574,1.80039952835068,"1","S1"
1.67988685844466,2.79527238383889,"1","S1"
0,1.4031125898473,"1","S1"
1.3293891530484,1.86899183643982,"1","S1"
1.25870570121333,3.09600873617455,"1","S1"
1.79967802483588,2.9169891923666,"1","S1"
0.714329998008907,2.31046724505723,"1","S1"
0.688516639173031,Inf,"1","S1"
1.75216863770038,2.4655591994524,"1","S1"
0,0.627235968597233,"1","S1"
1.74181918194517,Inf,"1","S1"
0.973696988541633,1.88643502444029,"1","S1"
0.537372784223408,2.25096453540027,"1","S1"
1.54498771065846,3.43842869065702,"1","S1"
0,1.65120806032792,"1","S1"
0,1.83730292320251,"1","S1"
0.171867886558175,1.23761345539242,"1","S1"
1.18625878263265,2.58982241107151,"1","S1"
1.44572359137237,2.26417717058212,"1","S1"
0,1.51408678106964,"1","S1"
1.20987874129787,1.41162609681487,"1","S1"
0,1.71213381877169,"1","S1"
0.164064780808985,1.20095206424594,"1","S1"
1.81595418741927,Inf,"1","S1"
1.96921728085726,3.36557757202536,"1","S1"
0,1.0744498972781,"1","S1"
0,1.62231634370983,"1","S1"
1.03874696791172,2.45716816093773,"1","S1"
0.819527907762676,2.29612658731639,"1","S1"
0.539325361140072,2.00439798273146,"1","S1"
1.13149271253496,1.48462407011539,"1","S1"
0,0.683328172191978,"0","S2"
0.978402285836637,1.96012600511312,"0","S2"
0,1.92242924496531,"0","S2"
0,1.56989104207605,"0","S2"
0,1.09660306433216,"0","S2"
0,1.69030560925603,"0","S2"
1.45783739257604,3.08205741131678,"0","S2"
1.54723338549957,3.03076273202896,"0","S2"
1.74415125045925,Inf,"0","S2"
1.86277203261852,Inf,"0","S2"
0,1.64103765739128,"0","S2"
1.16224927036092,2.09865757357329,"0","S2"
1.85587189532816,Inf,"0","S2"
2.2032686509192,Inf,"0","S2"
2.29466381389648,Inf,"0","S2"
1.08012057794258,Inf,"0","S2"
1.03280156711116,1.67274390812963,"0","S2"
1.54141682432964,2.14753393223509,"0","S2"
2.23142019240186,Inf,"0","S2"
0.644307038281113,2.34505568211898,"0","S2"
2.07577037019655,Inf,"0","S2"
4.42941262293607,Inf,"0","S2"
2.60908125992864,Inf,"0","S2"
0.662869262974709,Inf,"0","S2"
0.43376239342615,1.9838118753396,"0","S2"
1.52736842446029,2.28229186590761,"0","S2"
3.99676514649764,Inf,"0","S2"
1.16376023972407,2.52734245872125,"0","S2"
0.59519081376493,1.47941616317257,"0","S2"
4.84051314787939,Inf,"0","S2"
2.93747192015871,Inf,"0","S2"
1.28847304126248,2.76080741919577,"0","S2"
3.8793604047969,Inf,"0","S2"
0,0.909062067978084,"0","S2"
0.822332875803113,Inf,"0","S2"
0.871012871619314,Inf,"0","S2"
1.64558066381142,2.29535116348416,"0","S2"
1.16427347483113,2.18867877079174,"0","S2"
1.78517889790237,Inf,"0","S2"
1.52222683653235,2.40435302862898,"0","S2"
4.36943356506526,Inf,"0","S2"
1.54633870907128,3.3123453212902,"0","S2"
2.35196154471487,Inf,"0","S2"
0,1.70657632732764,"0","S2"
1.83494818489999,Inf,"0","S2"
0.866653278935701,2.08862548740581,"0","S2"
1.51145490305498,3.03182524256408,"0","S2"
3.66553927585483,Inf,"0","S2"
2.7492808396928,Inf,"0","S2"
2.03255931008607,Inf,"0","S2"
1.05320931877941,2.18311658827588,"0","S2"
1.56778923142701,Inf,"0","S2"
1.28400109708309,3.03516315622255,"0","S2"
3.34994550189003,Inf,"0","S2"
1.66217571450397,3.58618107158691,"0","S2"
0,0.950291506946087,"0","S2"
1.74251896049827,3.53087823698297,"0","S2"
3.20897584455088,Inf,"0","S2"
1.53133659716696,3.10646399017423,"0","S2"
0,1.56800808431581,"0","S2"
0.411292315460742,2.09979149093851,"0","S2"
3.9541691262275,Inf,"0","S2"
2.59233195660636,Inf,"0","S2"
3.5507907141,Inf,"0","S2"
1.36699879169464,Inf,"0","S2"
0.119908627122641,1.87403635354713,"0","S2"
1.68316834466532,Inf,"0","S2"
3.30704235285521,Inf,"0","S2"
0,1.52997130481526,"0","S2"
3.04190109483898,Inf,"0","S2"
2.09946778090671,2.43030723277479,"0","S2"
0,1.96627725241706,"0","S2"
0.109003087971359,1.49938754364848,"0","S2"
0,1.09242316056043,"0","S2"
0,0.682245498988777,"0","S2"
3.19530543778092,Inf,"0","S2"
1.38572750706226,Inf,"0","S2"
4.28946593031287,Inf,"0","S2"
3.33788101095706,Inf,"0","S2"
3.28847343754023,4.15185808995739,"0","S2"
0.566243955865502,2.52624307246879,"0","S2"
0,1.40733378799632,"0","S2"
2.8697201195173,Inf,"0","S2"
2.32972273696214,Inf,"0","S2"
0,1.27652798779309,"0","S2"
0,1.51521294331178,"0","S2"
1.54699649801478,2.47526454459876,"0","S2"
3.59805702511221,Inf,"0","S2"
0.784165182616562,2.45260022161528,"0","S2"
0.972723786253482,2.84237346006557,"0","S2"
1.00592223647982,1.56079896865413,"0","S2"
0,1.58043734030798,"0","S2"
1.28499827627093,2.66286879125983,"0","S2"
1.69698234461248,Inf,"0","S2"
3.76988540031016,4.43085682112724,"0","S2"
0.812789598479867,2.61748214485124,"0","S2"
3.18268282944337,Inf,"0","S2"
3.0809196671471,Inf,"0","S2"
2.81824320135638,Inf,"0","S2"
2.70815803157166,Inf,"0","S2"
4.8398426156491,Inf,"0","S2"
2.65167931513861,Inf,"0","S2"
1.73378349468112,2.99729621130973,"0","S2"
2.31646328931674,3.79567866632715,"0","S2"
2.91853844281286,Inf,"0","S2"
0,0.350437666289508,"0","S2"
0,0.927532107569277,"0","S2"
0,0.533399246167392,"0","S2"
1.48151700384915,3.19740872457623,"0","S2"
1.94654387654737,Inf,"0","S2"
2.01034695329145,3.97909768903628,"0","S2"
0,1.42852735240012,"0","S2"
0,1.27092533512041,"0","S2"
2.97277266159654,4.15691457409412,"0","S2"
1.60382808698341,3.55968079622835,"0","S2"
2.09113991539925,Inf,"0","S2"
1.84592142514884,Inf,"0","S2"
0,1.13419454684481,"0","S2"
2.69263613130897,Inf,"0","S2"
3.19734680466354,Inf,"0","S2"
4.18361243186519,Inf,"0","S2"
0,1.66696667252108,"0","S2"
0.182676868978888,1.35353325167671,"0","S2"
2.12075451388955,3.12883924646303,"0","S2"
2.32299591088668,2.96887756418437,"0","S2"
4.4371886216104,Inf,"0","S2"
0,1.78421374876052,"0","S2"
0,1.16996911074966,"0","S2"
3.73828262183815,Inf,"0","S2"
0,1.76772774523124,"0","S2"
2.68163014855236,Inf,"0","S2"
1.17414521984756,2.36971091525629,"0","S2"
5.43031828012317,Inf,"0","S2"
3.71921157557517,5.00447924528271,"0","S2"
0.941677260678262,Inf,"0","S2"
3.44863306963816,Inf,"0","S2"
1.68417687667534,3.54460744513199,"0","S2"
3.06691290810704,4.38424715399742,"0","S2"
0.552535932976753,1.9930358720012,"0","S2"
1.04033375531435,2.90135236643255,"0","S2"
2.36430719681084,Inf,"0","S2"
0,1.32630977453664,"0","S2"
0.257352465298027,0.702876697294414,"0","S2"
3.84121913276613,Inf,"0","S2"
2.10195273952559,3.7911320142448,"0","S2"
2.69542638445273,Inf,"0","S2"
1.65192377055064,Inf,"0","S2"
1.00854118354619,2.52814653841779,"0","S2"
3.92504813848063,Inf,"0","S2"
2.82870295457542,Inf,"0","S2"
1.11945091467351,2.98186393408105,"0","S2"
1.57569871190935,3.27776821702719,"0","S2"
4.05741445487365,Inf,"0","S2"
2.35744544025511,Inf,"0","S2"
1.95006809430197,Inf,"0","S2"
3.08645793702453,Inf,"0","S2"
0,0.84887127391994,"0","S2"
1.32221044506878,Inf,"0","S2"
0,1.7999184015207,"0","S2"
3.4753995956853,Inf,"0","S2"
1.88169642025605,Inf,"0","S2"
1.84415390947834,Inf,"0","S2"
0,1.54892033711076,"0","S2"
0,1.83493301365525,"0","S2"
2.97427359595895,Inf,"0","S2"
1.45073992758989,Inf,"0","S2"
0,1.75028692791238,"0","S2"
3.76898162160069,Inf,"0","S2"
1.67695643892512,Inf,"0","S2"
2.50518622761592,4.3609008230269,"0","S2"
2.91291472874582,Inf,"0","S2"
2.13584878435358,Inf,"0","S2"
1.46432287385687,Inf,"0","S2"
1.97186634410173,Inf,"0","S2"
0.505476420745254,1.22829544683918,"0","S2"
3.23732974566519,Inf,"0","S2"
3.33542977599427,Inf,"0","S2"
1.76897126343101,3.31126539129764,"0","S2"
1.86630158219486,3.16011086665094,"0","S2"
0,1.59189740521833,"0","S2"
1.52763123204932,Inf,"0","S2"
2.89313817163929,Inf,"0","S2"
1.92926987446845,Inf,"0","S2"
1.50455194944516,Inf,"0","S2"
0,1.88228594185784,"0","S2"
1.71137493848801,Inf,"0","S2"
1.01271170005202,Inf,"0","S2"
0.0325684901326895,2.01106240320951,"0","S2"
1.2285906127654,2.38278397172689,"0","S2"
0,1.66709451656789,"0","S2"
2.27024856163189,Inf,"0","S2"
1.28492485685274,Inf,"0","S2"
1.18550060130656,2.91534835565835,"0","S2"
3.596004195977,Inf,"0","S2"
1.64360415562987,Inf,"0","S2"
2.03431783756241,Inf,"0","S2"
3.16389596601948,Inf,"0","S2"
0,1.92818952631205,"0","S2"
1.70440557226539,3.2854607985355,"0","S2"
2.71082643745467,3.79511084733531,"0","S2"
0,0.273371526971459,"1","S2"
4.4989947383292,Inf,"1","S2"
0,0.976850704755634,"1","S2"
0.771386113483459,2.55258254986256,"1","S2"
0.661064272746444,2.07179366284981,"1","S2"
2.30774654448032,3.44575785147026,"1","S2"
1.75058861728758,2.98832535883412,"1","S2"
0,0.98629103647545,"1","S2"
1.87966858968139,3.557348924689,"1","S2"
0,0.752335985191166,"1","S2"
0.41565726371482,1.69512601662427,"1","S2"
1.44824682315812,2.07564426958561,"1","S2"
3.39945548726246,Inf,"1","S2"
1.5451857089065,3.47400594456121,"1","S2"
3.48383169621229,Inf,"1","S2"
1.23420378938317,2.47228594170883,"1","S2"
2.24412687169388,Inf,"1","S2"
1.96281841257587,2.82558927312493,"1","S2"
3.90294730383903,Inf,"1","S2"
0,0.946153656113893,"1","S2"
3.39343653991818,Inf,"1","S2"
0,1.64141525747254,"1","S2"
2.13093633390963,Inf,"1","S2"
0,1.26704201754183,"1","S2"
2.60838164994493,4.41200081398711,"1","S2"
0,0.709584317170084,"1","S2"
1.25359288789332,2.67745832819492,"1","S2"
0,1.22165597695857,"1","S2"
0,0.825784864835441,"1","S2"
2.9252936183475,3.52930192649364,"1","S2"
4.23549064295366,Inf,"1","S2"
0.742453336715698,2.35998683329672,"1","S2"
0,0.83330510603264,"1","S2"
0.537594190333039,1.55209785141051,"1","S2"
0,1.96502043353394,"1","S2"
0,1.3235601708293,"1","S2"
2.74622096773237,Inf,"1","S2"
0,0.817000756505877,"1","S2"
2.29424808174372,3.13183434586972,"1","S2"
3.50443560630083,Inf,"1","S2"
3.156349404715,3.97837747633457,"1","S2"
1.28422310482711,2.64161820756271,"1","S2"
2.69077598769218,Inf,"1","S2"
1.88429709337652,Inf,"1","S2"
0,1.9440056970343,"1","S2"
0,1.22604355588555,"1","S2"
2.68924886733294,3.27806215686724,"1","S2"
0.426797044929117,1.570962252561,"1","S2"
4.23879759246483,Inf,"1","S2"
0,1.13779075443745,"1","S2"
0.379847638774663,1.53627047780901,"1","S2"
2.55464020743966,3.98101114388555,"1","S2"
0.12848432874307,0.684966715984046,"1","S2"
0.777547134552151,1.67753102071583,"1","S2"
0.560857869219035,2.3121695923619,"1","S2"
0,1.34987764060497,"1","S2"
1.4553671120666,2.05674702953547,"1","S2"
0.943414953537285,2.82603040570393,"1","S2"
0,0.783401299733669,"1","S2"
0,1.75532037299126,"1","S2"
0.229315810836852,1.67845309199765,"1","S2"
1.96357642207295,3.71529112709686,"1","S2"
0,0.779317650478333,"1","S2"
2.14390608621761,3.67696663271636,"1","S2"
3.85572934988886,Inf,"1","S2"
1.24792625196278,2.93242711154744,"1","S2"
0,1.26545486273244,"1","S2"
2.92269302485511,Inf,"1","S2"
0,1.97301137307659,"1","S2"
1.30919345840812,2.95737690525129,"1","S2"
4.09678854979575,Inf,"1","S2"
0.0678646620362997,1.45453582704067,"1","S2"
3.0167029988952,Inf,"1","S2"
2.5460685887374,Inf,"1","S2"
0.610333361197263,1.32506958395243,"1","S2"
1.70064868405461,3.37521161977202,"1","S2"
3.17810682812706,Inf,"1","S2"
0,0.837841699365526,"1","S2"
0,1.13955742074177,"1","S2"
0,1.8239949606359,"1","S2"
3.11066842824221,Inf,"1","S2"
0.961307037156075,2.13586676400155,"1","S2"
2.55861853575334,Inf,"1","S2"
0,1.55237766355276,"1","S2"
1.17294382955879,2.3168051703833,"1","S2"
1.33722890401259,2.49595347745344,"1","S2"
1.78613658994436,Inf,"1","S2"
0,1.77706300234422,"1","S2"
2.41042256774381,4.01550748664886,"1","S2"
0,1.66562687978148,"1","S2"
0,0.811123697087169,"1","S2"
2.1224977732636,2.73628304805607,"1","S2"
0,1.46093231579289,"1","S2"
1.80213922727853,3.3173616565764,"1","S2"
1.58941494254395,3.55855516949669,"1","S2"
0,1.36113432934508,"1","S2"
2.44742816034704,Inf,"1","S2"
0,1.43194783292711,"1","S2"
2.09246016480029,3.49094394594431,"1","S2"
3.60070363152772,Inf,"1","S2"
1.89112065406516,3.44518433418125,"1","S2"
0,1.21288601262495,"1","S2"
0.589572915341705,2.44359482079744,"1","S2"
2.11614740686491,3.76379655255005,"1","S2"
0,1.67945189680904,"1","S2"
2.47137920605019,3.18106032814831,"1","S2"
3.74600034067407,Inf,"1","S2"
0,0.506269762758166,"1","S2"
0.747856902889907,2.09583184029907,"1","S2"
2.28952233307064,Inf,"1","S2"
2.10380247980356,Inf,"1","S2"
2.09882530802861,Inf,"1","S2"
5.11107695614919,Inf,"1","S2"
0,0.478681004606187,"1","S2"
2.24182683229446,Inf,"1","S2"
2.39611875731498,Inf,"1","S2"
1.52318969694898,3.40153945516795,"1","S2"
0.0556514295749366,1.64574738917872,"1","S2"
2.68486389052123,Inf,"1","S2"
0.751980746164918,1.91829656390473,"1","S2"
1.09883237583563,Inf,"1","S2"
0,1.52164561394602,"1","S2"
1.36716182157397,3.21087361779064,"1","S2"
1.41586260451004,Inf,"1","S2"
1.4467928414233,3.11756069026887,"1","S2"
1.54272983362898,2.42823170917109,"1","S2"
0,1.10342219052836,"1","S2"
1.37042524339631,3.06215375009924,"1","S2"
2.26556666521356,Inf,"1","S2"
1.03893872769549,2.44558676565066,"1","S2"
3.42463374091312,Inf,"1","S2"
1.1405822141096,3.07423700811341,"1","S2"
1.96787287341431,Inf,"1","S2"
0.708942476194352,2.06042318651453,"1","S2"
1.11768361879513,2.86883269157261,"1","S2"
2.645923408214,Inf,"1","S2"
0,1.92460450762883,"1","S2"
1.44649372668937,1.83996565639973,"1","S2"
0.71407746290788,1.69157803757116,"1","S2"
0,1.96226084465161,"1","S2"
0,1.99738391675055,"1","S2"
0,1.52147049317136,"1","S2"
0,1.63398749986663,"1","S2"
2.31770799169317,Inf,"1","S2"
0,1.75418711313978,"1","S2"
0.73985756514594,1.10363483522087,"1","S2"
1.04924355261028,2.54190674843267,"1","S2"
1.43912589829415,3.270601878874,"1","S2"
0.85283855907619,2.71960079669952,"1","S2"
0.154219084884971,0.979112437926233,"1","S2"
0,0.665846838615835,"1","S2"
0.265673713292927,1.33191771619022,"1","S2"
0,1.32438209606335,"1","S2"
1.56952763721347,3.20675214752555,"1","S2"
0,0.626099559478462,"1","S2"
0,1.76136902207509,"1","S2"
2.48156653344631,Inf,"1","S2"
0,1.73727208888158,"1","S2"
2.12705375626683,Inf,"1","S2"
0,1.73196116136387,"1","S2"
0,1.78225225536153,"1","S2"
0,1.75766513077542,"1","S2"
0.649960052687675,Inf,"1","S2"
2.30741035798565,Inf,"1","S2"
0.758370719850063,2.645096140448,"1","S2"
0,0.528774063568562,"1","S2"
1.50175502011552,1.726051423233,"1","S2"
0,0.242894735187292,"1","S2"
3.12874621618539,Inf,"1","S2"
0.771097199060023,2.37561552738771,"1","S2"
0,1.57054052408785,"1","S2"
0,1.74358077952638,"1","S2"
0.392370549961925,2.2677039927803,"1","S2"
0.565351049881428,1.76428707037121,"1","S2"
2.92378700897098,4.79477452114224,"1","S2"
0.281736348755658,1.09765252191573,"1","S2"
2.36997571866959,Inf,"1","S2"
0,1.78797795856372,"1","S2"
1.49132718704641,2.641915300861,"1","S2"
0.403661434538662,1.68971609137952,"1","S2"
2.22561261430383,Inf,"1","S2"
3.05852269241586,Inf,"1","S2"
1.64171498408541,2.58812729129568,"1","S2"
2.01396450400352,Inf,"1","S2"
2.54623223701492,Inf,"1","S2"
1.86693295789883,Inf,"1","S2"
0.0585114425048232,1.41731751151383,"1","S2"
0.514070781413466,2.02688848227262,"1","S2"
0.141611015889794,1.72310569742694,"1","S2"
0.781005500350147,Inf,"1","S2"
0.832125686574727,Inf,"1","S2"
0.314778637606651,1.52257614862174,"1","S2"
1.92787359841168,Inf,"1","S2"
0,0.89425696246326,"1","S2"
0.155042234808207,2.06325975479558,"1","S2"
1.68781453743577,Inf,"1","S2"
1.083239661064,1.94347838172689,"1","S2"
1.43720912886783,2.63289998332039,"1","S2"
0.0984458872117102,0.953850410412997,"1","S2"
4.16266112960875,Inf,"1","S2"
