trt,LeftBoundary,RightBoundary,SurvProb,FailProb,IMStderr,LagrangeMult,SurvProb_LCL,SurvProb_UCL,ConfType
0,0.4701416477,0.4726468501,0.8905187876,0.1094812124,0.0266767478,0,0.8382333227,0.9428042526,LINEAR
0,0.5368424918,0.5410332066,0.8905187876,0.1094812124,0.0266767478,15.394836925,0.8382333227,0.9428042526,LINEAR
0,0.5852127738,0.5939937582,0.8905187876,0.1094812124,0.0266767478,4.8178864654,0.8382333227,0.9428042526,LINEAR
0,0.6650941079,0.6684522363,0.8905187876,0.1094812124,0.0266767478,5.5539579129,0.8382333227,0.9428042526,LINEAR
0,0.7290629719,0.7397482985,0.8546489609,0.1453510391,0.0293327431,0,0.7971578408,0.912140081,LINEAR
0,0.8400761745,0.8531147983,0.8546489609,0.1453510391,0.0293327431,2.2410430667,0.7971578408,0.912140081,LINEAR
0,0.8743205275,0.8791145766,0.8011889979,0.1988110021,0.0319408573,0,0.738586068,0.8637919278,LINEAR
0,0.8815444215,0.8894514595,0.8011889979,0.1988110021,0.0319408573,2.8008382344,0.738586068,0.8637919278,LINEAR
0,0.9697828529,0.9730921976,0.8011889979,0.1988110021,0.0319408573,18.302996624,0.738586068,0.8637919278,LINEAR
0,1.0108611204,1.0130655934,0.8011889979,0.1988110021,0.0319408573,16.163135352,0.738586068,0.8637919278,LINEAR
0,1.0659745202,1.0778449309,0.7989750438,0.2010249562,0.0320199287,0,0.7362171368,0.8617329508,LINEAR
0,1.0976678738,1.1024984585,0.7989750438,0.2010249562,0.0320199287,0.2208446109,0.7362171368,0.8617329508,LINEAR
0,1.1233264985,1.1299676107,0.7706860975,0.2293139025,0.0336191267,0,0.7047938199,0.8365783751,LINEAR
0,1.1369196359,1.1371156327,0.7706860975,0.2293139025,0.0336191267,2.620817539,0.7047938199,0.8365783751,LINEAR
0,1.1702901194,1.1717384954,0.7053287957,0.2946712043,0.0359390776,0,0.634889498,0.7757680933,LINEAR
0,1.1977733695,1.201625674,0.7053287957,0.2946712043,0.0359390776,8.2608326233,0.634889498,0.7757680933,LINEAR
0,1.228389569,1.2295437671,0.7053287957,0.2946712043,0.0359390776,4.2302030996,0.634889498,0.7757680933,LINEAR
0,1.23392616,1.2398941023,0.7053287957,0.2946712043,0.0359390776,11.291253019,0.634889498,0.7757680933,LINEAR
0,1.2441268534,1.2673211395,0.7053287957,0.2946712043,0.0359390776,12.721634507,0.634889498,0.7757680933,LINEAR
0,1.334736726,1.3416306999,0.6665444255,0.3334555745,0.0371686048,0,0.5936952987,0.7393935523,LINEAR
0,1.3437419854,1.3446686652,0.6665444255,0.3334555745,0.0371686048,0.161253179,0.5936952987,0.7393935523,LINEAR
0,1.3477942011,1.3494370422,0.6665444255,0.3334555745,0.0371686048,2.5274022386,0.5936952987,0.7393935523,LINEAR
0,1.3517032427,1.3525789686,0.6665444255,0.3334555745,0.0371686048,1.9770585792,0.5936952987,0.7393935523,LINEAR
0,1.3641601129,1.3653435447,0.6665444255,0.3334555745,0.0371686048,7.1074721163,0.5936952987,0.7393935523,LINEAR
0,1.3919785194,1.3954991991,0.6665444255,0.3334555745,0.0371686048,5.060508039,0.5936952987,0.7393935523,LINEAR
0,1.4157407486,1.4207482369,0.6177373056,0.3822626944,0.038222575,0,0.5428224351,0.692652176,LINEAR
0,1.479445267,1.4858358685,0.6177373056,0.3822626944,0.038222575,17.764768636,0.5428224351,0.692652176,LINEAR
0,1.4903751926,1.4932332584,0.6177373056,0.3822626944,0.038222575,22.725699968,0.5428224351,0.692652176,LINEAR
0,1.5072339865,1.5175700916,0.6177373056,0.3822626944,0.038222575,25.586759445,0.5428224351,0.692652176,LINEAR
0,1.5861379931,1.591312707,0.5424705172,0.4575294828,0.0392237953,0,0.465593291,0.6193477433,LINEAR
0,1.6014374056,1.6147993843,0.5424705172,0.4575294828,0.0392237953,5.8672825016,0.465593291,0.6193477433,LINEAR
0,1.6333057762,1.6380042558,0.5424705172,0.4575294828,0.0392237953,6.3484981308,0.465593291,0.6193477433,LINEAR
0,1.6538670802,1.6589281019,0.5424705172,0.4575294828,0.0392237953,4.4983854714,0.465593291,0.6193477433,LINEAR
0,1.7164959958,1.7212745124,0.5424705172,0.4575294828,0.0392237953,0.5453869526,0.465593291,0.6193477433,LINEAR
0,1.7571984833,1.7717927363,0.5267709054,0.4732290946,0.0391870794,0,0.4499656411,0.6035761697,LINEAR
0,1.7955913155,1.8049646727,0.5267709054,0.4732290946,0.0391870794,1.6305427815,0.4499656411,0.6035761697,LINEAR
0,1.8371355644,1.839556799,0.5262185107,0.4737814893,0.0392073877,0,0.449373443,0.6030635785,LINEAR
0,1.8952980302,1.8967196698,0.5244957663,0.4755042337,0.0392857176,0,0.4474971747,0.601494358,LINEAR
0,1.8991480301,1.9020113968,0.5244957663,0.4755042337,0.0392857176,3.2477434912,0.4474971747,0.601494358,LINEAR
0,1.9246326608,1.9277238242,0.4759025472,0.5240974528,0.0401131532,0,0.3972822117,0.5545228827,LINEAR
0,1.9294251903,1.9466301212,0.4759025472,0.5240974528,0.0401131532,3.8818108096,0.3972822117,0.5545228827,LINEAR
0,1.95258072,1.9696008937,0.3847942752,0.6152057248,0.0400150174,0,0.3063662822,0.4632222682,LINEAR
0,1.9919331553,1.9953991676,0.3525410971,0.6474589029,0.0383975414,0,0.2772832989,0.4277988953,LINEAR
0,2.0628573233,2.0716192148,0.3525410971,0.6474589029,0.0383975414,4.0142182241,0.2772832989,0.4277988953,LINEAR
0,2.086040216,2.0908927666,0.3525410971,0.6474589029,0.0383975414,3.6062345151,0.2772832989,0.4277988953,LINEAR
0,2.1505463761,2.1531801443,0.3525410971,0.6474589029,0.0383975414,0.5577560012,0.2772832989,0.4277988953,LINEAR
0,2.1848421281,2.1882806798,0.3141630107,0.6858369893,0.0373015734,0,0.2410532703,0.3872727511,LINEAR
0,2.2518349886,2.2660100469,0.3141630107,0.6858369893,0.0373015734,2.293021706,0.2410532703,0.3872727511,LINEAR
0,2.2964797681,2.3111603114,0.3141630107,0.6858369893,0.0373015734,6.3544425724,0.2410532703,0.3872727511,LINEAR
0,2.3314558816,2.3417140472,0.3141630107,0.6858369893,0.0373015734,2.6098462164,0.2410532703,0.3872727511,LINEAR
0,2.3633081998,2.3962030807,0.2666932138,0.7333067862,0.0361575169,0,0.1958257828,0.3375606447,LINEAR
0,2.3999980744,2.4079091307,0.1959644924,0.8040355076,0.0314358268,0,0.134351404,0.2575775809,LINEAR
0,2.447904353,2.4546139844,0.1959644924,0.8040355076,0.0314358268,11.608911402,0.134351404,0.2575775809,LINEAR
0,2.5046899351,2.5210549025,0.1959644924,0.8040355076,0.0314358268,14.846893708,0.134351404,0.2575775809,LINEAR
0,2.52597897,2.5435710009,0.1959644924,0.8040355076,0.0314358268,11.868965923,0.134351404,0.2575775809,LINEAR
0,2.5464400384,2.5514842879,0.1959644924,0.8040355076,0.0314358268,9.7570603179,0.134351404,0.2575775809,LINEAR
0,2.5804223256,2.5896098917,0.1959644924,0.8040355076,0.0314358268,17.750781923,0.134351404,0.2575775809,LINEAR
0,2.6166825023,2.6326151661,0.1959644924,0.8040355076,0.0314358268,12.325242234,0.134351404,0.2575775809,LINEAR
0,2.6400081374,2.6494848533,0.1959644924,0.8040355076,0.0314358268,9.998495431,0.134351404,0.2575775809,LINEAR
0,2.6686897804,2.6703470489,0.1959644924,0.8040355076,0.0314358268,7.6717486281,0.134351404,0.2575775809,LINEAR
0,2.7357438068,2.7363240217,0.1959644924,0.8040355076,0.0314358268,0.0958017972,0.134351404,0.2575775809,LINEAR
0,2.749885897,2.7680334242,0.1762711229,0.8237288771,0.0315704521,0,0.1143941737,0.238148072,LINEAR
0,2.8078705397,2.8297734075,0.0863381373,0.9136618627,0.0229660776,0,0.0413254524,0.1313508222,LINEAR
0,3.0117584512,3.0524545004,0.0863381373,0.9136618627,0.0229660776,13.453371178,0.0413254524,0.1313508222,LINEAR
0,3.0605940381,3.0679519943,0.0863381373,0.9136618627,0.0229660776,4.1443494325,0.0413254524,0.1313508222,LINEAR
0,3.2318675865,3.2362107824,0.0863381373,0.9136618627,0.0229660776,26.434925462,0.0413254524,0.1313508222,LINEAR
0,3.5359035217,3.5554964082,0.020035903,0.979964097,0.0107387308,0,0,0.0410834286,LINEAR
0,3.936434256,I,0,1,0,0,0,0,LINEAR
1,0.4050740416,0.4153277026,0.9674525334,0.0325474666,0.0165908961,0,0.9349349746,0.9999700923,LINEAR
1,0.577613198,0.5780226214,0.9297708836,0.0702291164,0.0237465226,0,0.8832285546,0.9763132126,LINEAR
1,0.5915695501,0.6046681859,0.8402884904,0.1597115096,0.0325219129,0,0.7765467124,0.9040302684,LINEAR
1,0.6047913454,0.6114182753,0.8402884904,0.1597115096,0.0325219129,4.4797459121,0.7765467124,0.9040302684,LINEAR
1,0.6336926292,0.638586228,0.8402884904,0.1597115096,0.0325219129,15.22082332,0.7765467124,0.9040302684,LINEAR
1,0.6707581031,0.671839274,0.8402884904,0.1597115096,0.0325219129,8.200901329,0.7765467124,0.9040302684,LINEAR
1,0.69892466,0.730289421,0.7654895252,0.2345104748,0.0366892016,0,0.6935800115,0.8373990389,LINEAR
1,0.802767896,0.8138039528,0.7654895252,0.2345104748,0.0366892016,0.7353477925,0.6935800115,0.8373990389,LINEAR
1,0.813838589,0.8191902001,0.7654895252,0.2345104748,0.0366892016,2.43026143,0.6935800115,0.8373990389,LINEAR
1,0.8381212136,0.8404357671,0.6566628044,0.3433371956,0.0386773676,0,0.580856557,0.7324690519,LINEAR
1,0.8469346772,0.8575512045,0.6462896066,0.3537103934,0.0384960451,0,0.5708387448,0.7217404685,LINEAR
1,0.8646466493,0.869677573,0.6462896066,0.3537103934,0.0384960451,5.3860436706,0.5708387448,0.7217404685,LINEAR
1,0.8744574131,0.8896324656,0.6462896066,0.3537103934,0.0384960451,6.3520080752,0.5708387448,0.7217404685,LINEAR
1,0.8906646998,0.9061707596,0.6462896066,0.3537103934,0.0384960451,8.7842945728,0.5708387448,0.7217404685,LINEAR
1,0.9334307585,0.9420887375,0.6462896066,0.3537103934,0.0384960451,7.2183438592,0.5708387448,0.7217404685,LINEAR
1,0.9481673957,0.9637890856,0.6462896066,0.3537103934,0.0384960451,9.8693566183,0.5708387448,0.7217404685,LINEAR
1,0.9802960666,0.985900272,0.6462896066,0.3537103934,0.0384960451,14.376010256,0.5708387448,0.7217404685,LINEAR
1,0.9931216371,0.9940869571,0.6462896066,0.3537103934,0.0384960451,14.480799579,0.5708387448,0.7217404685,LINEAR
1,1.0091446352,1.0126284953,0.6462896066,0.3537103934,0.0384960451,24.498127834,0.5708387448,0.7217404685,LINEAR
1,1.0241165534,1.0251264672,0.6462896066,0.3537103934,0.0384960451,27.896378736,0.5708387448,0.7217404685,LINEAR
1,1.046862048,1.0523693582,0.6230468512,0.3769531488,0.0394196134,0,0.5457858286,0.7003078738,LINEAR
1,1.0654732363,1.0670332069,0.6230468512,0.3769531488,0.0394196134,2.0765811904,0.5457858286,0.7003078738,LINEAR
1,1.0702799211,1.0703782229,0.5983409811,0.4016590189,0.0395036922,0,0.5209151671,0.6757667952,LINEAR
1,1.0773071033,1.0882879217,0.5983409811,0.4016590189,0.0395036922,6.8565467095,0.5209151671,0.6757667952,LINEAR
1,1.089605331,1.0920672328,0.5983409811,0.4016590189,0.0395036922,7.3026394664,0.5209151671,0.6757667952,LINEAR
1,1.1057727369,1.1060376054,0.5983409811,0.4016590189,0.0395036922,6.0197899574,0.5209151671,0.6757667952,LINEAR
1,1.1120292926,1.124822057,0.5983409811,0.4016590189,0.0395036922,5.3783652029,0.5209151671,0.6757667952,LINEAR
1,1.1262340886,1.135508467,0.5983409811,0.4016590189,0.0395036922,8.870068345,0.5209151671,0.6757667952,LINEAR
1,1.1482000065,1.1554379719,0.5983409811,0.4016590189,0.0395036922,1.2686255158,0.5209151671,0.6757667952,LINEAR
1,1.2241019395,1.2323524273,0.5983409811,0.4016590189,0.0395036922,2.013638357,0.5209151671,0.6757667952,LINEAR
1,1.2333553343,1.2371706857,0.4986742981,0.5013257019,0.0406592984,0,0.4189835376,0.5783650586,LINEAR
1,1.2667833127,1.2800126412,0.4986742981,0.5013257019,0.0406592984,6.9041761131,0.4189835376,0.5783650586,LINEAR
1,1.2942103496,1.2985909053,0.4986742981,0.5013257019,0.0406592984,0.9373700868,0.4189835376,0.5783650586,LINEAR
1,1.3050068314,1.3086397043,0.4986742981,0.5013257019,0.0406592984,2.8562057448,0.4189835376,0.5783650586,LINEAR
1,1.3117199815,1.3125390959,0.4986742981,0.5013257019,0.0406592984,2.1068101486,0.4189835376,0.5783650586,LINEAR
1,1.3319830319,1.3336250376,0.4116235161,0.5883764839,0.0393945874,0,0.3344115436,0.4888354886,LINEAR
1,1.3419904669,1.3461509345,0.4116235161,0.5883764839,0.0393945874,0.1224373256,0.3344115436,0.4888354886,LINEAR
1,1.3475273203,1.3485815171,0.4116235161,0.5883764839,0.0393945874,2.1040580297,0.3344115436,0.4888354886,LINEAR
1,1.3552785187,1.3801889402,0.4116235161,0.5883764839,0.0393945874,1.0686168511,0.3344115436,0.4888354886,LINEAR
1,1.4219053251,1.4296125231,0.3762766701,0.6237233299,0.0383549025,0,0.3011024426,0.4514508977,LINEAR
1,1.4436589958,1.4502938658,0.3762766701,0.6237233299,0.0383549025,2.220998173,0.3011024426,0.4514508977,LINEAR
1,1.4527805317,1.4556518773,0.3762766701,0.6237233299,0.0383549025,2.3998087755,0.3011024426,0.4514508977,LINEAR
1,1.4669249357,1.4682867742,0.3762766701,0.6237233299,0.0383549025,3.0700052798,0.3011024426,0.4514508977,LINEAR
1,1.4821041205,1.4847597948,0.3762766701,0.6237233299,0.0383549025,10.032036145,0.3011024426,0.4514508977,LINEAR
1,1.496424191,1.4969860851,0.3133259253,0.6866740747,0.0363825634,0,0.2420174113,0.3846344392,LINEAR
1,1.5439053385,1.5528890741,0.3133259253,0.6866740747,0.0363825634,5.2326685463,0.2420174113,0.3846344392,LINEAR
1,1.5633967674,1.566395061,0.3133259253,0.6866740747,0.0363825634,5.1531281526,0.2420174113,0.3846344392,LINEAR
1,1.6212468239,1.6287623351,0.2789642731,0.7210357269,0.0351257572,0,0.2101190541,0.347809492,LINEAR
1,1.6615898483,1.6665375953,0.2789642731,0.7210357269,0.0351257572,4.4333522625,0.2101190541,0.347809492,LINEAR
1,1.6744067834,1.6808160737,0.2789642731,0.7210357269,0.0351257572,4.6597676927,0.2101190541,0.347809492,LINEAR
1,1.6990731707,1.7162669459,0.2789642731,0.7210357269,0.0351257572,0.5575438415,0.2101190541,0.347809492,LINEAR
1,1.7227965938,1.73949503,0.2789642731,0.7210357269,0.0351257572,5.6335852573,0.2101190541,0.347809492,LINEAR
1,1.7461667756,1.7475217797,0.2789642731,0.7210357269,0.0351257572,3.4357906638,0.2101190541,0.347809492,LINEAR
1,1.8238751257,1.8417701778,0.2789642731,0.7210357269,0.0351257572,19.276737588,0.2101190541,0.347809492,LINEAR
1,1.89409123,1.8964264317,0.2789642731,0.7210357269,0.0351257572,18.886707435,0.2101190541,0.347809492,LINEAR
1,1.9118555551,1.9144651649,0.2789642731,0.7210357269,0.0351257572,17.083520628,0.2101190541,0.347809492,LINEAR
1,1.9169572798,1.9235544808,0.2789642731,0.7210357269,0.0351257572,16.221214543,0.2101190541,0.347809492,LINEAR
1,1.9362715281,1.9371096485,0.2789642731,0.7210357269,0.0351257572,22.912709117,0.2101190541,0.347809492,LINEAR
1,1.9703572243,1.9753477522,0.2789642731,0.7210357269,0.0351257572,11.557182693,0.2101190541,0.347809492,LINEAR
1,1.977501594,1.9838608049,0.2789642731,0.7210357269,0.0351257572,9.7539958865,0.2101190541,0.347809492,LINEAR
1,2.0262760785,2.0375291967,0.2789642731,0.7210357269,0.0351257572,3.4778993888,0.2101190541,0.347809492,LINEAR
1,2.0690600738,2.076781638,0.1342569962,0.8657430038,0.0290231601,0,0.0773726477,0.1911413448,LINEAR
1,2.1238357663,2.1309603131,0.1342569962,0.8657430038,0.0290231601,2.8636460847,0.0773726477,0.1911413448,LINEAR
1,2.1643400495,2.1764887345,0.1090039298,0.8909960702,0.02655506,0,0.0569569686,0.1610508911,LINEAR
1,2.2165321227,2.2452686559,0.1090039298,0.8909960702,0.02655506,4.5060595362,0.0569569686,0.1610508911,LINEAR
1,2.2725727705,2.2736003471,0.1029119454,0.8970880546,0.0259936727,0,0.051965283,0.1538586078,LINEAR
1,2.2978032182,2.3004439232,0.0477524447,0.9522475553,0.0176140108,0,0.0132296178,0.0822752715,LINEAR
1,2.3800992526,2.3927300102,0.0459972466,0.9540027534,0.0172457216,0,0.0121962533,0.0797982398,LINEAR
1,2.5371971884,2.5542838614,0.0459972466,0.9540027534,0.0172457216,25.230178234,0.0121962533,0.0797982398,LINEAR
1,2.7123291894,2.7146005444,0.0459972466,0.9540027534,0.0172457216,18.712682917,0.0121962533,0.0797982398,LINEAR
1,2.7191121866,2.7414087405,0.0110516248,0.9889483752,0.0089302936,0,0,0.0285546786,LINEAR
1,3.0709683609,3.1515747009,0,1,0,0,0,0,LINEAR
