strata,trt,LeftBoundary,RightBoundary,SurvProb,FailProb,IMStderr,LagrangeMult,SurvProb_LCL,SurvProb_UCL,ConfType
S1,0,0.2313272031,0.234947866,0.9559998288,0.0440001712,0.0190441604,0,0.9186739603,0.9933256973,LINEAR
S1,0,0.2406701946,0.2412857867,0.9446310826,0.0553689174,0.0207165565,0,0.9040273781,0.9852347871,LINEAR
S1,0,0.3160864862,0.3195471798,0.9168178514,0.0831821486,0.0242096963,0,0.8693677187,0.9642679841,LINEAR
S1,0,0.3706022799,0.3773605867,0.9031816143,0.0968183857,0.0253127857,0,0.853569466,0.9527937626,LINEAR
S1,0,0.3782093851,0.4087746306,0.9031816143,0.0968183857,0.0253127857,5.5831592699,0.853569466,0.9527937626,LINEAR
S1,0,0.4312581662,0.4364617264,0.8954225137,0.1045774863,0.0259221544,0,0.8446160247,0.9462290026,LINEAR
S1,0,0.5109386574,0.5131123065,0.8350328376,0.1649671624,0.0303549852,0,0.7755381598,0.8945275153,LINEAR
S1,0,0.5223614711,0.5281195137,0.8350328376,0.1649671624,0.0303549852,3.4963931853,0.7755381598,0.8945275153,LINEAR
S1,0,0.6293111208,0.6297345268,0.8121067049,0.1878932951,0.0315088999,0,0.7503503959,0.8738630139,LINEAR
S1,0,0.6318291319,0.6369178404,0.8121067049,0.1878932951,0.0315088999,3.1285325018,0.7503503959,0.8738630139,LINEAR
S1,0,0.6751144577,0.687829389,0.8121067049,0.1878932951,0.0315088999,1.8694771501,0.7503503959,0.8738630139,LINEAR
S1,0,0.6922031713,0.6972756336,0.7777869198,0.2222130802,0.0333077714,0,0.7125048875,0.8430689522,LINEAR
S1,0,0.6973594667,0.6996958001,0.7777869198,0.2222130802,0.0333077714,5.9070108934,0.7125048875,0.8430689522,LINEAR
S1,0,0.7058664747,0.7075799098,0.7777869198,0.2222130802,0.0333077714,13.393648489,0.7125048875,0.8430689522,LINEAR
S1,0,0.7173509744,0.7220863893,0.7777869198,0.2222130802,0.0333077714,20.02166559,0.7125048875,0.8430689522,LINEAR
S1,0,0.776771259,0.7772741091,0.7777869198,0.2222130802,0.0333077714,3.4527849413,0.7125048875,0.8430689522,LINEAR
S1,0,0.7773852139,0.782055835,0.7777869198,0.2222130802,0.0333077714,9.5812601996,0.7125048875,0.8430689522,LINEAR
S1,0,0.8074373563,0.8081103703,0.7777869198,0.2222130802,0.0333077714,5.0165419262,0.7125048875,0.8430689522,LINEAR
S1,0,0.8366906682,0.8405383029,0.6924450173,0.3075549827,0.0363552331,0,0.6211900697,0.7636999649,LINEAR
S1,0,0.8531374747,0.8546550888,0.6924450173,0.3075549827,0.0363552331,1.9607760461,0.6211900697,0.7636999649,LINEAR
S1,0,0.8608481074,0.8634854289,0.6924450173,0.3075549827,0.0363552331,4.864612412,0.6211900697,0.7636999649,LINEAR
S1,0,0.8643916186,0.8664442175,0.6924450173,0.3075549827,0.0363552331,6.0382294442,0.6211900697,0.7636999649,LINEAR
S1,0,0.888283035,0.8897531891,0.6924450173,0.3075549827,0.0363552331,5.486026711,0.6211900697,0.7636999649,LINEAR
S1,0,0.898119201,0.8988432155,0.6924450173,0.3075549827,0.0363552331,3.8982248979,0.6211900697,0.7636999649,LINEAR
S1,0,0.908354084,0.9175995662,0.6924450173,0.3075549827,0.0363552331,10.95484438,0.6211900697,0.7636999649,LINEAR
S1,0,0.9236723646,0.9251454393,0.6924450173,0.3075549827,0.0363552331,7.5027164384,0.6211900697,0.7636999649,LINEAR
S1,0,0.9298119787,0.9319627897,0.6924450173,0.3075549827,0.0363552331,9.3100095973,0.6211900697,0.7636999649,LINEAR
S1,0,0.9353821161,0.9440754512,0.6924450173,0.3075549827,0.0363552331,11.117302756,0.6211900697,0.7636999649,LINEAR
S1,0,0.9531952606,0.9565864589,0.6924450173,0.3075549827,0.0363552331,12.200091739,0.6211900697,0.7636999649,LINEAR
S1,0,0.9687837092,0.9730145151,0.6924450173,0.3075549827,0.0363552331,6.9874403041,0.6211900697,0.7636999649,LINEAR
S1,0,0.9937458618,0.9969099019,0.5476281791,0.4523718209,0.0405295494,0,0.468191722,0.6270646362,LINEAR
S1,0,0.9995329678,1.0029243621,0.5476281791,0.4523718209,0.0405295494,4.157622429,0.468191722,0.6270646362,LINEAR
S1,0,1.026841278,1.0313763881,0.5476281791,0.4523718209,0.0405295494,4.2876958097,0.468191722,0.6270646362,LINEAR
S1,0,1.0471125438,1.0481426464,0.5476281791,0.4523718209,0.0405295494,2.9126048324,0.468191722,0.6270646362,LINEAR
S1,0,1.0565770611,1.0594001177,0.5476281791,0.4523718209,0.0405295494,5.3822357567,0.468191722,0.6270646362,LINEAR
S1,0,1.0617670964,1.0638420344,0.5476281791,0.4523718209,0.0405295494,4.620628093,0.468191722,0.6270646362,LINEAR
S1,0,1.0958319844,1.0969867508,0.4908270366,0.5091729634,0.0401708453,0,0.4120936265,0.5695604467,LINEAR
S1,0,1.0995198996,1.1021444865,0.445247743,0.554752257,0.0391846327,0,0.3684472742,0.5220482118,LINEAR
S1,0,1.1386818117,1.1491517862,0.445247743,0.554752257,0.0391846327,9.4632318734,0.3684472742,0.5220482118,LINEAR
S1,0,1.183258476,1.183416326,0.445247743,0.554752257,0.0391846327,8.6232993911,0.3684472742,0.5220482118,LINEAR
S1,0,1.1843215411,1.1880822146,0.445247743,0.554752257,0.0391846327,8.5987182454,0.3684472742,0.5220482118,LINEAR
S1,0,1.1899936879,1.1905957597,0.445247743,0.554752257,0.0391846327,9.4820924974,0.3684472742,0.5220482118,LINEAR
S1,0,1.1989958414,1.2105225487,0.445247743,0.554752257,0.0391846327,13.25307379,0.3684472742,0.5220482118,LINEAR
S1,0,1.2203012959,1.221332068,0.445247743,0.554752257,0.0391846327,12.806544563,0.3684472742,0.5220482118,LINEAR
S1,0,1.2631814852,1.2640966118,0.445247743,0.554752257,0.0391846327,6.1336209285,0.3684472742,0.5220482118,LINEAR
S1,0,1.2856177457,1.2861356532,0.445247743,0.554752257,0.0391846327,2.9650670027,0.3684472742,0.5220482118,LINEAR
S1,0,1.2960027964,1.2977939601,0.445247743,0.554752257,0.0391846327,2.8102536832,0.3684472742,0.5220482118,LINEAR
S1,0,1.312252203,1.3123069261,0.445247743,0.554752257,0.0391846327,1.7066321211,0.3684472742,0.5220482118,LINEAR
S1,0,1.3149147627,1.3200814677,0.445247743,0.554752257,0.0391846327,2.5900063731,0.3684472742,0.5220482118,LINEAR
S1,0,1.3289296397,1.3428923888,0.359425548,0.640574452,0.0375262044,0,0.2858755389,0.4329755572,LINEAR
S1,0,1.3788362211,1.3924853063,0.3562645203,0.6437354797,0.0374788599,0,0.2828073047,0.4297217358,LINEAR
S1,0,1.4166999764,1.4210122895,0.3562645203,0.6437354797,0.0374788599,6.5885394829,0.2828073047,0.4297217358,LINEAR
S1,0,1.4378147782,1.4395568298,0.3562645203,0.6437354797,0.0374788599,6.7546692781,0.2828073047,0.4297217358,LINEAR
S1,0,1.4441246022,1.4519914239,0.3562645203,0.6437354797,0.0374788599,7.4828762968,0.2828073047,0.4297217358,LINEAR
S1,0,1.5028517365,1.5113617915,0.3562645203,0.6437354797,0.0374788599,8.0965283107,0.2828073047,0.4297217358,LINEAR
S1,0,1.5548538929,1.5675414633,0.3562645203,0.6437354797,0.0374788599,22.995757878,0.2828073047,0.4297217358,LINEAR
S1,0,1.59549681,1.6041911726,0.3562645203,0.6437354797,0.0374788599,15.70873006,0.2828073047,0.4297217358,LINEAR
S1,0,1.6191917541,1.6215738072,0.3562645203,0.6437354797,0.0374788599,13.919537687,0.2828073047,0.4297217358,LINEAR
S1,0,1.6240363759,1.6242564858,0.3562645203,0.6437354797,0.0374788599,13.306376229,0.2828073047,0.4297217358,LINEAR
S1,0,1.6307452493,1.6310164495,0.3562645203,0.6437354797,0.0374788599,12.693214771,0.2828073047,0.4297217358,LINEAR
S1,0,1.6688984938,1.6701530937,0.2174261725,0.7825738275,0.0336712171,0,0.1514317998,0.2834205453,LINEAR
S1,0,1.6870525919,1.6893346537,0.211174643,0.788825357,0.0333171637,0,0.1458742021,0.2764750839,LINEAR
S1,0,1.7142651787,1.7227269096,0.211174643,0.788825357,0.0333171637,6.3958203681,0.1458742021,0.2764750839,LINEAR
S1,0,1.7346135587,1.7376319745,0.211174643,0.788825357,0.0333171637,6.7104160529,0.1458742021,0.2764750839,LINEAR
S1,0,1.7841351985,1.7859499878,0.2103319069,0.7896680931,0.0332954232,0,0.1450740766,0.2755897373,LINEAR
S1,0,1.8529709051,1.8825190162,0.2103319069,0.7896680931,0.0332954232,13.4680785,0.1450740766,0.2755897373,LINEAR
S1,0,1.9232784042,1.9243420509,0.1289899878,0.8710100122,0.0271416699,0,0.0757932923,0.1821866833,LINEAR
S1,0,1.9283252112,1.933035247,0.1289899878,0.8710100122,0.0271416699,4.4151601766,0.0757932923,0.1821866833,LINEAR
S1,0,2.0019805245,2.0036045976,0.1289899878,0.8710100122,0.0271416699,13.253131922,0.0757932923,0.1821866833,LINEAR
S1,0,2.0313321755,2.0348897271,0.1289899878,0.8710100122,0.0271416699,17.375223125,0.0757932923,0.1821866833,LINEAR
S1,0,2.0518327684,2.0578679011,0.1289899878,0.8710100122,0.0271416699,17.184626288,0.0757932923,0.1821866833,LINEAR
S1,0,2.1127647967,2.1136259653,0.1289899878,0.8710100122,0.0271416699,4.8415247109,0.0757932923,0.1821866833,LINEAR
S1,0,2.1435106078,2.1498135337,0.0452447618,0.9547552382,0.018928331,0,0.0081459148,0.0823436088,LINEAR
S1,0,2.2930735894,2.2949792861,0.0452447618,0.9547552382,0.018928331,0.4046115395,0.0081459148,0.0823436088,LINEAR
S1,0,2.4190370014,2.4325338033,0,1,0,0,0,0,LINEAR
S1,1,0.278065217,0.2988400694,0.8995896011,0.1004103989,0.0271464888,0,0.8463834607,0.9527957415,LINEAR
S1,1,0.3469080569,0.3503105263,0.8778225868,0.1221774132,0.0291690668,0,0.8206522664,0.9349929072,LINEAR
S1,1,0.3604039249,0.3647328321,0.8721079576,0.1278920424,0.0296035972,0,0.8140859733,0.930129942,LINEAR
S1,1,0.3907920353,0.3928355341,0.8721079576,0.1278920424,0.0296035972,2.0343198286,0.8140859733,0.930129942,LINEAR
S1,1,0.4079652971,0.4254915534,0.8721079576,0.1278920424,0.0296035972,1.8833902214,0.8140859733,0.930129942,LINEAR
S1,1,0.4594482717,0.4623810804,0.7749772216,0.2250227784,0.0353726837,0,0.7056480355,0.8443064078,LINEAR
S1,1,0.4805458977,0.4807226581,0.7749772216,0.2250227784,0.0353726837,1.5958456521,0.7056480355,0.8443064078,LINEAR
S1,1,0.4891041049,0.5006211835,0.7749772216,0.2250227784,0.0353726837,7.9971282469,0.7056480355,0.8443064078,LINEAR
S1,1,0.5050352588,0.5059259645,0.7749772216,0.2250227784,0.0353726837,6.7514807437,0.7056480355,0.8443064078,LINEAR
S1,1,0.5389836663,0.5441818421,0.7392102356,0.2607897644,0.0362878423,0,0.6680873716,0.8103330996,LINEAR
S1,1,0.5719241465,0.5766262749,0.7392102356,0.2607897644,0.0362878423,1.9761111027,0.6680873716,0.8103330996,LINEAR
S1,1,0.6022499776,0.602730643,0.7392102356,0.2607897644,0.0362878423,6.3528753053,0.6680873716,0.8103330996,LINEAR
S1,1,0.6336065494,0.6361302491,0.7392102356,0.2607897644,0.0362878423,1.4406141859,0.6680873716,0.8103330996,LINEAR
S1,1,0.6381276227,0.6394365639,0.7033496147,0.2966503853,0.0375268981,0,0.6297982459,0.7769009835,LINEAR
S1,1,0.6540895994,0.6581200826,0.7033496147,0.2966503853,0.0375268981,6.8621571463,0.6297982459,0.7769009835,LINEAR
S1,1,0.6695711992,0.6711365215,0.7033496147,0.2966503853,0.0375268981,11.954307009,0.6297982459,0.7769009835,LINEAR
S1,1,0.6753582859,0.6800076013,0.7033496147,0.2966503853,0.0375268981,12.231607882,0.6297982459,0.7769009835,LINEAR
S1,1,0.6811632395,0.6856274893,0.7033496147,0.2966503853,0.0375268981,13.952786226,0.6297982459,0.7769009835,LINEAR
S1,1,0.6966534981,0.7030365588,0.7033496147,0.2966503853,0.0375268981,10.585856511,0.6297982459,0.7769009835,LINEAR
S1,1,0.7109285593,0.7149890491,0.7033496147,0.2966503853,0.0375268981,12.830343347,0.6297982459,0.7769009835,LINEAR
S1,1,0.7361738817,0.7415084782,0.7033496147,0.2966503853,0.0375268981,8.8046537339,0.6297982459,0.7769009835,LINEAR
S1,1,0.749106115,0.7500000332,0.6255343668,0.3744656332,0.0400843855,0,0.5469704148,0.7040983188,LINEAR
S1,1,0.7505976628,0.7507083157,0.6255343668,0.3744656332,0.0400843855,0.5267532613,0.5469704148,0.7040983188,LINEAR
S1,1,0.7556743282,0.7617462091,0.5992192405,0.4007807595,0.0405392274,0,0.5197638148,0.6786746662,LINEAR
S1,1,0.7666513154,0.7676984514,0.5992192405,0.4007807595,0.0405392274,5.3721236555,0.5197638148,0.6786746662,LINEAR
S1,1,0.7738635726,0.7770709823,0.5992192405,0.4007807595,0.0405392274,0.9502747314,0.5197638148,0.6786746662,LINEAR
S1,1,0.7936609657,0.7989942994,0.4849877927,0.5150122073,0.0397818343,0,0.4070168302,0.5629587553,LINEAR
S1,1,0.8401585203,0.8406129749,0.4849877927,0.5150122073,0.0397818343,6.6402530779,0.4070168302,0.5629587553,LINEAR
S1,1,0.8453834797,0.8523491716,0.4849877927,0.5150122073,0.0397818343,0.0663292115,0.4070168302,0.5629587553,LINEAR
S1,1,0.8561518479,0.8603552216,0.4849877927,0.5150122073,0.0397818343,2.0123913874,0.4070168302,0.5629587553,LINEAR
S1,1,0.8643206994,0.865243799,0.4849877927,0.5150122073,0.0397818343,1.7810301511,0.4070168302,0.5629587553,LINEAR
S1,1,0.8735593385,0.8750016377,0.4849877927,0.5150122073,0.0397818343,3.4913704626,0.4070168302,0.5629587553,LINEAR
S1,1,0.8802632284,0.8804089638,0.4849877927,0.5150122073,0.0397818343,7.2545675385,0.4070168302,0.5629587553,LINEAR
S1,1,0.8807225479,0.8819473844,0.4849877927,0.5150122073,0.0397818343,7.7758372131,0.4070168302,0.5629587553,LINEAR
S1,1,0.8923514537,0.8958443817,0.4849877927,0.5150122073,0.0397818343,2.8532346273,0.4070168302,0.5629587553,LINEAR
S1,1,0.8996161884,0.9024815091,0.4849877927,0.5150122073,0.0397818343,0.6509006257,0.4070168302,0.5629587553,LINEAR
S1,1,0.9311344328,0.9313352501,0.4702048316,0.5297951684,0.0399408677,0,0.3919221694,0.5484874939,LINEAR
S1,1,0.9498740812,0.9513654075,0.4702048316,0.5297951684,0.0399408677,12.093871924,0.3919221694,0.5484874939,LINEAR
S1,1,0.9614589936,0.9626710223,0.4702048316,0.5297951684,0.0399408677,11.736205978,0.3919221694,0.5484874939,LINEAR
S1,1,0.9650525758,0.9668222705,0.4702048316,0.5297951684,0.0399408677,8.6456533809,0.3919221694,0.5484874939,LINEAR
S1,1,0.9809978399,0.9859653695,0.4702048316,0.5297951684,0.0399408677,5.1959059678,0.3919221694,0.5484874939,LINEAR
S1,1,0.9941515548,0.9950818235,0.4702048316,0.5297951684,0.0399408677,13.223738242,0.3919221694,0.5484874939,LINEAR
S1,1,1.0055098145,1.0073711555,0.4702048316,0.5297951684,0.0399408677,11.103791336,0.3919221694,0.5484874939,LINEAR
S1,1,1.012229726,1.0129259277,0.4702048316,0.5297951684,0.0399408677,11.26346218,0.3919221694,0.5484874939,LINEAR
S1,1,1.031766016,1.0332378945,0.4702048316,0.5297951684,0.0399408677,2.8840727438,0.3919221694,0.5484874939,LINEAR
S1,1,1.033787427,1.0388740159,0.4702048316,0.5297951684,0.0399408677,3.0921636718,0.3919221694,0.5484874939,LINEAR
S1,1,1.0535376095,1.0558154475,0.3245510628,0.6754489372,0.0391501599,0,0.2478181594,0.4012839663,LINEAR
S1,1,1.1014957915,1.1066264368,0.3245510628,0.6754489372,0.0391501599,15.553355523,0.2478181594,0.4012839663,LINEAR
S1,1,1.1086519693,1.1111410872,0.3245510628,0.6754489372,0.0391501599,13.697663843,0.2478181594,0.4012839663,LINEAR
S1,1,1.1256451285,1.1286116507,0.3162914249,0.6837085751,0.0390489089,0,0.2397569699,0.3928258799,LINEAR
S1,1,1.1415062791,1.1546638929,0.3127672595,0.6872327405,0.0391595002,0,0.2360160495,0.3895184695,LINEAR
S1,1,1.1555594879,1.1585614227,0.2436771215,0.7563228785,0.0366118419,0,0.17191923,0.3154350131,LINEAR
S1,1,1.1951508862,1.196613844,0.2436771215,0.7563228785,0.0366118419,5.3712087018,0.17191923,0.3154350131,LINEAR
S1,1,1.2000601832,1.2013239448,0.2436771215,0.7563228785,0.0366118419,2.3935372001,0.17191923,0.3154350131,LINEAR
S1,1,1.2014250411,1.217890443,0.1590628395,0.8409371605,0.03093441,0,0.09843251,0.219693169,LINEAR
S1,1,1.2626346725,1.2763493489,0.1590628395,0.8409371605,0.03093441,0.7350747762,0.09843251,0.219693169,LINEAR
S1,1,1.3136881625,1.3148929043,0.1590628395,0.8409371605,0.03093441,11.799504561,0.09843251,0.219693169,LINEAR
S1,1,1.3393084267,1.3440371069,0.1590628395,0.8409371605,0.03093441,8.9673966721,0.09843251,0.219693169,LINEAR
S1,1,1.3573923905,1.3604570184,0.1590628395,0.8409371605,0.03093441,5.8067088395,0.09843251,0.219693169,LINEAR
S1,1,1.397918374,1.3981708746,0.1590628395,0.8409371605,0.03093441,8.6147920328,0.09843251,0.219693169,LINEAR
S1,1,1.4045931648,1.4108958449,0.1590628395,0.8409371605,0.03093441,4.2344726258,0.09843251,0.219693169,LINEAR
S1,1,1.4168099018,1.4184635544,0.0972130302,0.9027869698,0.0244939783,0,0.049205715,0.1452203455,LINEAR
S1,1,1.461723319,1.4646225252,0.0972130302,0.9027869698,0.0244939783,2.6212328851,0.049205715,0.1452203455,LINEAR
S1,1,1.5123167876,1.5181821987,0.0881242573,0.9118757427,0.0235551822,0,0.0419569486,0.1342915661,LINEAR
S1,1,1.5739356915,1.5926016632,0.0881242573,0.9118757427,0.0235551822,2.2919376129,0.0419569486,0.1342915661,LINEAR
S1,1,1.6502721331,1.660491052,0.0468983205,0.9531016795,0.0175372331,0,0.0125259753,0.0812706657,LINEAR
S1,1,1.6875111479,1.6957639746,0.0468983205,0.9531016795,0.0175372331,14.395222213,0.0125259753,0.0812706657,LINEAR
S1,1,1.7144312586,1.7203427541,0.0248078075,0.9751921925,0.0111650412,0,0.0029247288,0.0466908861,LINEAR
S1,1,1.917467966,1.9484019905,0.0248078075,0.9751921925,0.0111650412,1.6964361013,0.0029247288,0.0466908861,LINEAR
S1,1,2.4054418176,2.4827586715,0.0248078075,0.9751921925,0.0111650412,10.705079591,0.0029247288,0.0466908861,LINEAR
S1,1,2.9691609435,I,0,1,0,0,0,0,LINEAR
S2,0,0.6299020855,0.6434384963,0.9879438587,0.0120561413,0.0092599036,0,0.9697947811,1,LINEAR
S2,0,0.840118442,0.8459556701,0.9635697791,0.0364302209,0.0157318998,0,0.932735822,0.9944037362,LINEAR
S2,0,1.0307571748,1.0747388571,0.9071077643,0.0928922357,0.0217128958,0,0.8645512705,0.9496642582,LINEAR
S2,0,1.2260213625,1.2291786039,0.9071077643,0.0928922357,0.0217128958,23.527229572,0.8645512705,0.9496642582,LINEAR
S2,0,1.2640566714,1.2699794012,0.9071077643,0.0928922357,0.0217128958,20.662291012,0.8645512705,0.9496642582,LINEAR
S2,0,1.2748229352,1.2828088451,0.9071077643,0.0928922357,0.0217128958,27.181336901,0.8645512705,0.9496642582,LINEAR
S2,0,1.3170357698,1.3205636041,0.9071077643,0.0928922357,0.0217128958,27.386458373,0.8645512705,0.9496642582,LINEAR
S2,0,1.3440425487,1.3495892665,0.9071077643,0.0928922357,0.0217128958,28.419784397,0.8645512705,0.9496642582,LINEAR
S2,0,1.3707516147,1.4007473252,0.9071077643,0.0928922357,0.0217128958,33.723873281,0.8645512705,0.9496642582,LINEAR
S2,0,1.4296029892,1.4299740125,0.9071077643,0.0928922357,0.0217128958,39.027962165,0.8645512705,0.9496642582,LINEAR
S2,0,1.5508547996,1.5547842467,0.8789937827,0.1210062173,0.0261148624,0,0.827809593,0.9301779723,LINEAR
S2,0,1.5895086504,1.5957250474,0.8420077746,0.1579922254,0.0285604956,0,0.7860302318,0.8979853174,LINEAR
S2,0,1.6191812062,1.625019544,0.8420077746,0.1579922254,0.0285604956,6.6007072442,0.7860302318,0.8979853174,LINEAR
S2,0,1.6263116323,1.6444696171,0.8420077746,0.1579922254,0.0285604956,11.742495126,0.7860302318,0.8979853174,LINEAR
S2,0,1.6610288464,1.6659717296,0.8420077746,0.1579922254,0.0285604956,24.445789633,0.7860302318,0.8979853174,LINEAR
S2,0,1.7449215925,1.7467821023,0.8420077746,0.1579922254,0.0285604956,9.685137603,0.7860302318,0.8979853174,LINEAR
S2,0,1.7639504906,1.7701089016,0.8420077746,0.1579922254,0.0285604956,6.2536650348,0.7860302318,0.8979853174,LINEAR
S2,0,1.8307794377,1.8418682804,0.7507159422,0.2492840578,0.0342086277,0,0.6836682639,0.8177636205,LINEAR
S2,0,1.8604825207,1.8606428299,0.7507159422,0.2492840578,0.0342086277,2.7356098673,0.6836682639,0.8177636205,LINEAR
S2,0,1.8842879883,1.8843974089,0.7362162489,0.2637837511,0.0344353203,0,0.6687242613,0.8037082365,LINEAR
S2,0,1.9428007803,1.944138996,0.7055494803,0.2944505197,0.0349500685,0,0.6370486048,0.7740503558,LINEAR
S2,0,2.0151066079,2.0200216604,0.7014231725,0.2985768275,0.0350517685,0,0.6327229687,0.7701233762,LINEAR
S2,0,2.0447697348,2.0484940223,0.7014231725,0.2985768275,0.0350517685,13.159614888,0.6327229687,0.7701233762,LINEAR
S2,0,2.0817799163,2.0871458419,0.7014231725,0.2985768275,0.0350517685,10.893063337,0.6327229687,0.7701233762,LINEAR
S2,0,2.1414763355,2.1499264759,0.7014231725,0.2985768275,0.0350517685,3.1072472216,0.6327229687,0.7701233762,LINEAR
S2,0,2.1705478528,2.1706860715,0.7014231725,0.2985768275,0.0350517685,3.6920414473,0.6327229687,0.7701233762,LINEAR
S2,0,2.2219555166,2.2307300348,0.6872150182,0.3127849818,0.0363494354,0,0.6159714339,0.7584586025,LINEAR
S2,0,2.2586844866,2.2711556623,0.6872150182,0.3127849818,0.0363494354,10.010020958,0.6159714339,0.7584586025,LINEAR
S2,0,2.3217358014,2.3303319816,0.6872150182,0.3127849818,0.0363494354,5.6381641526,0.6159714339,0.7584586025,LINEAR
S2,0,2.3970351103,2.4054406064,0.6005770661,0.3994229339,0.0456227019,0,0.5111582135,0.6899959188,LINEAR
S2,0,2.4195053228,2.4247470162,0.4876744745,0.5123255255,0.0385215201,0,0.4121736825,0.5631752664,LINEAR
S2,0,2.433564588,2.4611425208,0.4876744745,0.5123255255,0.0385215201,3.9458750653,0.4121736825,0.5631752664,LINEAR
S2,0,2.4792332652,2.4843042432,0.4876744745,0.5123255255,0.0385215201,4.7175284792,0.4121736825,0.5631752664,LINEAR
S2,0,2.5007494406,2.5387731303,0.4876744745,0.5123255255,0.0385215201,3.4386337255,0.4121736825,0.5631752664,LINEAR
S2,0,2.5693625584,2.5715597188,0.4876744745,0.5123255255,0.0385215201,4.0159284611,0.4121736825,0.5631752664,LINEAR
S2,0,2.616950975,2.6357809056,0.4876744745,0.5123255255,0.0385215201,1.4581389537,0.4121736825,0.5631752664,LINEAR
S2,0,2.6777627214,2.6796410703,0.4876744745,0.5123255255,0.0385215201,1.9468302186,0.4121736825,0.5631752664,LINEAR
S2,0,2.712188133,2.7143524361,0.4876744745,0.5123255255,0.0385215201,0.8066985713,0.4121736825,0.5631752664,LINEAR
S2,0,2.7333225794,2.7415647367,0.4876744745,0.5123255255,0.0385215201,1.5783519852,0.4121736825,0.5631752664,LINEAR
S2,0,2.791641304,2.8160117398,0.4876744745,0.5123255255,0.0385215201,0.2994572315,0.4121736825,0.5631752664,LINEAR
S2,0,2.9007123068,2.9106880789,0.4676151658,0.5323848342,0.0541682056,0,0.3614474337,0.573782898,LINEAR
S2,0,3.2503714247,3.3611534582,0,1,0,0,0,0,LINEAR
S2,1,0.7371626217,0.7484826722,0.97251145,0.02748855,0.0138800552,0,0.9453070416,0.9997158583,LINEAR
S2,1,0.9069602494,0.9346649211,0.9467272169,0.0532727831,0.0179070202,0,0.9116301022,0.9818243316,LINEAR
S2,1,0.935669282,0.9378850993,0.9467272169,0.0532727831,0.0179070202,32.181507701,0.9116301022,0.9818243316,LINEAR
S2,1,0.9637607799,0.977839495,0.9467272169,0.0532727831,0.0179070202,26.962160588,0.9116301022,0.9818243316,LINEAR
S2,1,1.1555164882,1.1653185631,0.9254900685,0.0745099315,0.0210305884,0,0.8842708727,0.9667092642,LINEAR
S2,1,1.1847881069,1.1958417748,0.9254900685,0.0745099315,0.0210305884,11.259961261,0.8842708727,0.9667092642,LINEAR
S2,1,1.2912971238,1.3108346313,0.9254900685,0.0745099315,0.0210305884,0.2725580018,0.8842708727,0.9667092642,LINEAR
S2,1,1.3512786189,1.3561234713,0.9254900685,0.0745099315,0.0210305884,1.9252004198,0.8842708727,0.9667092642,LINEAR
S2,1,1.399433603,1.4014690399,0.8698184122,0.1301815878,0.0277734993,0,0.8153833538,0.9242534706,LINEAR
S2,1,1.4200084838,1.4202124623,0.8698184122,0.1301815878,0.0277734993,6.2887015231,0.8153833538,0.9242534706,LINEAR
S2,1,1.4415512173,1.4540058227,0.8698184122,0.1301815878,0.0277734993,11.670948868,0.8153833538,0.9242534706,LINEAR
S2,1,1.5153658155,1.5447839784,0.7952577634,0.2047422366,0.0305998169,0,0.7352832243,0.8552323025,LINEAR
S2,1,1.5528474103,1.5611301821,0.7952577634,0.2047422366,0.0305998169,3.626690711,0.7352832243,0.8552323025,LINEAR
S2,1,1.5668525426,1.5712481064,0.7952577634,0.2047422366,0.0305998169,4.2576476079,0.7352832243,0.8552323025,LINEAR
S2,1,1.5766698956,1.588524715,0.7952577634,0.2047422366,0.0305998169,8.3447309565,0.7352832243,0.8552323025,LINEAR
S2,1,1.5922802023,1.6040366054,0.7952577634,0.2047422366,0.0305998169,13.689268235,0.7352832243,0.8552323025,LINEAR
S2,1,1.6114159427,1.6149989273,0.7952577634,0.2047422366,0.0305998169,17.316004382,0.7352832243,0.8552323025,LINEAR
S2,1,1.6426747539,1.6433719424,0.7952577634,0.2047422366,0.0305998169,32.389256614,0.7352832243,0.8552323025,LINEAR
S2,1,1.6725153525,1.6854507576,0.7952577634,0.2047422366,0.0305998169,36.476339963,0.7352832243,0.8552323025,LINEAR
S2,1,1.7081008069,1.7169484903,0.7952577634,0.2047422366,0.0305998169,35.318229016,0.7352832243,0.8552323025,LINEAR
S2,1,1.7312153508,1.7320653849,0.7952577634,0.2047422366,0.0305998169,14.11912719,0.7352832243,0.8552323025,LINEAR
S2,1,1.7466886726,1.7512720644,0.7952577634,0.2047422366,0.0305998169,16.948756609,0.7352832243,0.8552323025,LINEAR
S2,1,1.7760327924,1.7779670562,0.7741477865,0.2258522135,0.032122717,0,0.7111884181,0.8371071549,LINEAR
S2,1,1.8053865153,1.8198499332,0.7359137598,0.2640862402,0.0335993424,0,0.6700602588,0.8017672607,LINEAR
S2,1,1.8211415098,1.8272502617,0.7359137598,0.2640862402,0.0335993424,3.3848548093,0.6700602588,0.8017672607,LINEAR
S2,1,1.847278143,1.8558035229,0.7359137598,0.2640862402,0.0335993424,1.351809487,0.6700602588,0.8017672607,LINEAR
S2,1,1.9793409181,1.9973468997,0.7243586675,0.2756413325,0.034068451,0,0.6575857306,0.7911316044,LINEAR
S2,1,1.9989907295,2.014102908,0.7243586675,0.2756413325,0.034068451,10.883060918,0.6575857306,0.7911316044,LINEAR
S2,1,2.0380157901,2.0418559734,0.7243586675,0.2756413325,0.034068451,13.616220506,0.6575857306,0.7911316044,LINEAR
S2,1,2.0780542812,2.0802174687,0.7243586675,0.2756413325,0.034068451,14.446499915,0.6575857306,0.7911316044,LINEAR
S2,1,2.1364952889,2.1377143496,0.6804124406,0.3195875594,0.0381848685,0,0.6055714736,0.7552534076,LINEAR
S2,1,2.1412443034,2.1781962716,0.6804124406,0.3195875594,0.0381848685,2.2853451455,0.6055714736,0.7552534076,LINEAR
S2,1,2.200973874,2.2133232648,0.6804124406,0.3195875594,0.0381848685,8.0533152493,0.6055714736,0.7552534076,LINEAR
S2,1,2.2222231801,2.2227871611,0.6804124406,0.3195875594,0.0381848685,15.782255849,0.6055714736,0.7552534076,LINEAR
S2,1,2.352829054,2.3581145105,0.4851279104,0.5148720896,0.0418766512,0,0.4030511823,0.5672046386,LINEAR
S2,1,2.361425749,2.3730220312,0.4851279104,0.5148720896,0.0418766512,0.5381515492,0.4030511823,0.5672046386,LINEAR
S2,1,2.4230906849,2.4318466759,0.4851279104,0.5148720896,0.0418766512,10.83937068,0.4030511823,0.5672046386,LINEAR
S2,1,2.4504658305,2.4509307711,0.4851279104,0.5148720896,0.0418766512,8.1154042282,0.4030511823,0.5672046386,LINEAR
S2,1,2.4616175683,2.477448649,0.4851279104,0.5148720896,0.0418766512,7.2172349569,0.4030511823,0.5672046386,LINEAR
S2,1,2.5207384422,2.5453721166,0.4851279104,0.5148720896,0.0418766512,2.9594526297,0.4030511823,0.5672046386,LINEAR
S2,1,2.5853492878,2.6117535142,0.4139563498,0.5860436502,0.0403534571,0,0.3348650272,0.4930476723,LINEAR
S2,1,2.6483612394,2.6523418046,0.4139563498,0.5860436502,0.0403534571,4.6501066316,0.3348650272,0.4930476723,LINEAR
S2,1,2.6758849293,2.7043090348,0.4139563498,0.5860436502,0.0403534571,0.0255628627,0.3348650272,0.4930476723,LINEAR
S2,1,2.7821897028,2.8535587962,0.4139563498,0.5860436502,0.0403534571,1.192062441,0.3348650272,0.4930476723,LINEAR
S2,1,2.8683407488,2.8739149626,0.4139563498,0.5860436502,0.0403534571,1.8823496859,0.3348650272,0.4930476723,LINEAR
S2,1,3.0250023466,3.1327106785,0.4139563498,0.5860436502,0.0403534571,1.0784596268,0.3348650272,0.4930476723,LINEAR
S2,1,3.2068752146,3.3082589297,0.2425640136,0.7574359864,0.089034973,0,0.0680586731,0.417069354,LINEAR
S2,1,3.5816273834,I,0,1,0,0,0,0,LINEAR
