"l","u","trt","age"
2.40525387763046,2.6075440866407,"0",2.3913942517664
2.83598453225568,Inf,"0",-1.63971362975
1.317819299642,2.01137909211684,"0",1.22198563601706
2.12371790385805,Inf,"0",-0.464891619561686
0.167574796127155,1.49489008868113,"0",-0.824548901431704
0.631063728011213,2.12812215532176,"0",-0.911787737821177
1.96746000170242,Inf,"0",-1.20621972855018
0,1.29585887643043,"0",0.161432935599443
2.47387731377967,Inf,"0",-0.128241455915515
0.356797482585534,1.71565851441119,"0",-0.492040786327214
1.01763608912006,2.49186563515104,"0",-1.10356203120553
1.38344589038752,2.16424358810764,"0",0.00131920548790129
0,1.03373381949496,"0",-0.0554453489984441
1.41624033101834,2.34913678199518,"0",0.0311629320198198
2.80974196828902,Inf,"0",1.15000515246632
1.7200623890385,Inf,"0",0.813153374478488
2.10393619746901,3.24474229803309,"0",-1.64283989298859
0,0.771411710651591,"0",1.38948226040146
1.21994561213069,2.67366407357622,"0",0.558336326935996
1.06649473391008,1.91412790725008,"0",-0.445253476087516
2.33247818739619,3.55215468246024,"0",0.493423332606205
1.29326909396332,2.24469018902164,"0",0.0040581919985374
0.410925054573454,1.90178543573711,"0",0.252825139875349
1.67144322046079,2.4693361526588,"0",0.229816655991179
1.51115818682592,2.88438908639364,"0",0.818146008240104
0.481909954338335,0.752770649967715,"0",0.226063083175335
0,1.29810845316388,"0",0.699917689391191
0.74422295903787,1.43197927228175,"0",-0.657784624872957
2.15862706652842,Inf,"0",0.030373321202505
2.0878200691659,2.9885775471339,"0",-2.07636054799702
0.929579948075116,1.59320150292479,"0",-1.10019037419586
2.06452257698402,2.36620908009354,"0",0.169497895545649
1.54453624016605,3.00768158398569,"0",-1.37599963602099
1.3874647943303,2.09832713962533,"0",-1.73049511777995
0.61416154098697,1.28447119763587,"0",-0.50664929924027
0.685443802387454,1.2808288395172,"0",0.724451915526195
1.6372983881738,2.87096042255871,"0",0.225299472030728
0.617253722506575,2.06359012727626,"0",0.244261843818114
2.42918100545648,Inf,"0",0.189985786682803
1.31657375022769,2.35851222812198,"0",0.905002006494121
1.79166384588461,1.97257405577693,"0",0.350087860684364
2.21720136178192,2.80526807159185,"0",0.419696351925675
0,1.03689631016459,"0",1.41157026138106
3.30294477415737,Inf,"0",-0.144985826797382
1.17981033143587,Inf,"0",-1.57219408914096
0.304075313732028,1.48247394443024,"0",-1.35429692466273
0,1.41704779642168,"0",1.09635799085683
2.15912964649033,Inf,"0",0.737957505528926
0,0.38878242764622,"0",1.31056423775024
0.00444148178212345,1.41119642578997,"0",0.698039323263674
1.02678761514835,1.85448286577594,"0",0.531675496899434
2.46519679483026,3.11904149770271,"0",-0.349729974658554
0,1.15622241643723,"0",1.30100386838803
1.69623647723347,3.07740763260517,"0",-0.921991857714617
0.998809073818848,2.12416668806691,"0",-0.467493518322273
1.90072215953842,3.14468845794909,"0",-0.0672111054054236
0.515277005382814,1.81476023769937,"0",1.08143033056919
2.12733847636264,Inf,"0",-0.712389282024147
2.07443137688097,2.58450420876034,"0",1.1618347592538
0.552712722681463,1.555706240586,"0",-0.760947406648575
2.47719421167858,3.11403476202395,"0",0.229594636613366
2.27206087019295,Inf,"0",-1.00097773247405
0.777153080329299,1.69559326395392,"0",0.867848243396706
1.00662433484104,1.69223279308062,"0",-0.289767631219644
0.46434278273955,1.42555510788225,"0",-1.11978168102555
0.549066051025875,2.04522963264026,"0",-2.10702264655735
0.998849342577159,2.2899600667879,"0",1.75237969412762
1.71390799689107,2.48875000525732,"0",0.642753906709839
0.699273077188991,1.09914775332436,"0",0.2248352749727
0.517449467210099,1.48809448443353,"0",-0.574088546584464
0.0845772115280852,1.50063810520805,"0",1.12263652627944
0.706526256166399,1.62553745624609,"0",-0.034239814324047
0,1.34255883225705,"0",0.484375234789406
0.45195248129312,1.73511697445065,"0",1.6892509885788
0,0.891674427548423,"0",-0.336903342268397
0,1.33042322786059,"0",0.221089361474359
1.18806939572096,2.49334706319496,"0",1.32628167106116
4.13051457214169,Inf,"0",-2.37493510946985
0.772398937144317,1.57418270793278,"0",1.06754658605739
2.00673723954242,3.08999021002091,"0",0.60819282796721
1.79253769735806,3.00225240946747,"0",0.575689197024016
0,1.49876118300017,"0",-0.356510414359847
0,1.42787315044552,"0",1.53671840940267
0,1.30727556359489,"0",0.32274248928445
1.81528883858118,2.65588272479363,"0",0.106882004897054
0.204760684166104,1.16028682712931,"0",-0.110765549723998
1.36430032225326,2.53511086804792,"0",0.995946230116259
1.6764374175109,Inf,"0",-1.33808841663266
1.47288141713943,2.957231379929,"0",-0.0843914903711959
2.53426584403496,4.00534784572665,"0",-0.605024296912728
1.13247779407538,2.27226750086993,"0",-0.36714188530326
2.04853624245152,2.70052998955362,"0",0.67252659484243
0.519896073150449,Inf,"0",0.905232774823523
1.86605780397076,3.21067320008297,"0",-1.37797241793998
0.664476727601141,2.02180293726269,"0",0.626837426077451
1.01585129485466,1.13735115132295,"0",0.622664010507965
0.452441490255296,1.64496633899398,"0",-0.402932475172539
0.73951626860071,1.61211639130488,"0",0.970771069104421
0,1.47474807011895,"0",0.899434117531599
0.300990144372918,1.30002186005004,"0",0.318484590056162
1.16953537333757,2.39617890387308,"0",0.144517303246677
2.12847112223972,3.31079343706369,"0",-0.216096972388062
0.791791923344135,2.20959681132808,"0",1.65748088712954
1.28703491971828,Inf,"0",-0.673135732156742
0,1.15164063870907,"0",1.12711537954001
0.446651797159575,1.82104001438711,"0",1.78896899063933
2.72851380030625,4.0867804113077,"0",-1.46014517161101
1.36988352960907,2.8420402687043,"0",-0.882918130787595
0.817331295227632,1.32884842122439,"0",1.15695771708862
1.58276675152592,1.93402968125883,"0",-0.819888420665699
0.637109695002437,2.04675217147451,"0",-0.106329116725758
1.28816646127962,2.73314952920191,"0",0.190305603888429
1.50925502018072,2.91141010809224,"0",0.137030558558045
0,0.863031793269329,"0",-0.742573607029908
0.579416936379857,1.95971162302885,"0",-1.07081463063324
2.46612128592096,Inf,"0",-0.339355537498848
1.41211115859915,2.67442174558528,"0",0.0380157731129826
0.355531397857703,1.79428715701215,"0",1.41742851743686
1.48044836462941,2.0287973190425,"0",0.418037549570479
2.79142675653566,4.03025775868446,"0",-0.502440130435642
0.0743243802571669,0.822189832222648,"0",0.0827459538292592
2.96522924455348,Inf,"0",-1.30645469746392
1.00631387578323,1.90544545906596,"0",-1.67288124036626
0.744434235384688,2.0410508288769,"0",-0.252569749145376
0,1.19991962215863,"0",-0.3848845256556
0.321952444617637,1.06593414663803,"0",-0.533902367175014
2.31319855875336,3.32214231078979,"0",-0.377072311670139
0,0.795782952569425,"0",2.35280384819373
1.88466694462113,2.84926929243375,"0",-0.080614177573468
1.50418816495221,1.78042297787033,"0",-0.838560147109663
1.55215950286947,2.78718516114168,"0",0.0408538073280022
0,1.21990370575804,"0",2.72346386939768
1.77124978252687,2.52011549135204,"0",-1.71374035517167
0,1.31537921132986,"0",0.509521979958759
0,1.3332270195242,"0",0.483566868724454
1.94844663783442,2.45219236251432,"0",0.401731914369112
0.87314746377524,1.04272755060811,"0",-0.384106492300304
1.6706957478309,3.13186596322339,"0",0.832736636121498
1.19787052518222,1.70126135309692,"0",-0.559071914980746
1.17023927089758,1.95535731059499,"0",1.40227631168525
1.30915919621475,2.09474012756255,"0",0.0409868545205223
0.0210309207905084,1.25870640773792,"0",-0.890118368083718
0,1.31785053864587,"0",-1.54041657497044
1.33943008957431,1.60254460852593,"0",0.138925175850485
0.738964852527715,2.04976778361015,"0",1.04665896654836
0.254612839431502,1.75387811218388,"0",0.415417362237631
0,1.40326239319984,"0",0.394548828488542
2.48275752074551,3.2421505744569,"0",-1.25446271837476
1.30615860898979,1.57731921051163,"0",-0.327683294465245
2.22372027835809,Inf,"0",-0.409237727714723
0.972924184869044,1.72164414357394,"0",1.12924933880742
1.41788868920412,2.38522235385608,"0",1.31937635400091
0,0.648403540137224,"0",-0.017767939004499
2.89952418208122,Inf,"0",0.209824476252189
1.39208817877807,2.39716482663061,"0",-0.0442812720859863
0.356264010770246,1.47668554389384,"0",0.247126608127599
0.452905255369842,1.61723640281707,"0",0.976682708171417
1.16286971548107,1.91565365844872,"0",0.105681002687678
1.53701819898561,2.99813256924972,"0",-1.18976055536042
1.40704472211655,2.68476668873336,"0",0.271601380146487
2.26390996424016,Inf,"0",-0.29863232635539
0.486942534567788,1.97049155586865,"0",-0.951102494899145
1.88014490297064,3.09185858967248,"0",-0.831287709290938
0.502673191716895,1.72359972610138,"0",0.357158571519818
0.63651024713181,0.957650069729425,"0",-1.12712796627236
0.893536384566687,1.51957702136133,"0",0.913801778245682
1.42513603053521,2.86089482414536,"0",0.109027316743616
1.99602560733911,2.80237112205941,"0",1.29876983877484
2.55087362264749,3.78695194458123,"0",-1.04971010459028
3.19794916862156,Inf,"0",-1.0633245383871
1.23995810060296,2.48216199909803,"0",0.547354428870186
0,1.13616841763724,"0",-0.634889940972671
0,0.572391886962578,"0",0.181144247034967
0,0.57851279724855,"0",1.92468115430304
1.71368109178729,3.16209855442867,"0",0.630138718094709
0.550446953158826,1.93559067696333,"0",1.28325447821037
0.36379897815641,1.2753961837152,"0",1.52069271434331
2.65455141908024,Inf,"0",-1.49354623870701
0,0.531944259186275,"0",1.58548546335551
0.332148732966743,1.61029087076895,"0",0.584500282789003
0.449976383009925,1.72229610965587,"0",2.03520268396114
1.69242486578878,3.17792821652256,"0",-0.346827612279785
2.62809900718275,Inf,"0",0.123715010373738
3.01321985316463,Inf,"0",0.861222043394326
0.977180272573605,1.50735868094489,"0",0.192252470995356
0,0.280695489607751,"0",1.91879347883533
0.735217318986543,1.50214855035301,"0",0.547781661813815
1.83359094383195,3.10527428670321,"0",0.174540288356667
1.12673911289312,1.57151680416428,"0",0.686547137705885
2.03330487397034,2.48452942888252,"0",-0.884734479667892
3.87253399647307,Inf,"0",1.40594281249958
0,1.30689315462951,"0",1.00692044617077
0,1.020655959961,"0",-0.0678987508146208
2.25775127217639,Inf,"0",-0.506549250752699
2.53692159766797,3.01122576801572,"0",1.81678953131858
1.57523607497569,2.92061934387311,"0",-0.823072747963432
2.42869749851525,2.99015917349607,"0",0.629718518204776
1.67524901416618,3.14805555401836,"0",-0.287873232750263
1.43232531042304,2.74796514341142,"0",-0.0689669224011988
1.79109485121444,2.15297787124291,"0",0.413983569078906
0,1.40778049500659,"1",0.0475000686045113
1.03330492065288,2.29577417357359,"1",0.179286856643575
0.321151321171783,1.57836453407072,"1",0.238996341907141
0,1.15821611043066,"1",-0.954741334342942
0.146480456809513,1.61636620166246,"1",0.696082647144186
2.29345385951456,3.00227450521197,"1",1.17744781837099
0.701773458276875,Inf,"1",-0.283001297146841
0,1.31750146311242,"1",0.0955450324174167
1.15759106876794,1.86948142375331,"1",-0.361894643262722
1.17195656709373,2.10123807715718,"1",0.360493408664342
1.35281112010125,1.99650073971134,"1",1.03187148720088
0,0.60119737777859,"1",1.85416245521915
0.240637836512178,0.486373999156058,"1",1.0831268612502
0,0.963221706915647,"1",0.720977620019775
0.447612639516592,1.77526605839375,"1",-1.03532347561238
1.67410924541764,Inf,"1",1.35304915893448
1.24737257848028,1.7308306748746,"1",-0.263025840106141
2.37474570586346,3.38631928525865,"1",-0.542881482212403
0,0.915148398606107,"1",1.86253862315342
1.30212108988781,2.44149449025281,"1",-1.94021152644981
0.603884080890566,1.89947773190215,"1",1.52709059717386
0.0625731867039576,1.47882242454216,"1",0.462886302782559
1.4396639628103,2.0800635733176,"1",0.587988347074718
0.877698792493902,1.31254155153874,"1",0.0304919748402095
0.15322166250553,1.5195383814862,"1",-0.967058167011006
0,1.42313721834216,"1",0.225271211014978
2.34438783943187,3.56575750547927,"1",-0.632250156493072
2.64940233738162,Inf,"1",-1.52902825266541
1.66955273074564,3.10494650295004,"1",-2.80071085492887
0,1.27585815999191,"1",0.0743748411635818
0.20281811489258,1.3385655580787,"1",1.5611264614387
1.08181136520579,1.89061404112726,"1",0.618331622178483
0.73255271196831,2.21657458052505,"1",0.0580204136988971
0.632467520073988,1.14230027643498,"1",1.09316752293428
0.814760097884573,1.67366191965993,"1",0.765445301437205
1.64590589061845,Inf,"1",0.200303680666837
0.553133331122808,1.63435774727259,"1",-0.466720651798378
0.933610060019419,1.52324471448082,"1",1.26702121749347
1.19409355055541,2.68350359983742,"1",0.307911511005698
0,1.48471997876186,"1",0.973620967521171
1.2999503564788,1.57070980395656,"1",-1.01357215468963
2.18804894818459,2.74240531527903,"1",-0.950371164631443
0.687231161515228,1.76762577344198,"1",0.0476641697352242
1.60082618286833,2.7952933969209,"1",0.472376522907331
0,0.689724853495136,"1",0.82886686322265
1.47435075708199,2.71829593309667,"1",1.0912376263507
2.67037755483761,3.56300148821902,"1",-1.16568178625834
0,0.647847642190754,"1",-0.120672134827997
0,1.16397851170041,"1",0.543157173132926
0,1.44616326049436,"1",-0.494569331962466
2.64871005853638,Inf,"1",-0.104818119192708
0,1.47157844644971,"1",-1.40159934973668
0.0215417537838221,1.50984687230084,"1",1.61954311498868
0.0777321254136041,1.43461490306072,"1",2.16986940385278
0,1.47436831507366,"1",0.144180246148782
0,1.18362721265294,"1",-0.98787412397099
1.08362427027896,2.47757650748827,"1",0.208698175228518
1.96610011928715,3.11814231961034,"1",0.511283401843409
0,1.27636113320477,"1",0.848578080045765
0.0979365475941449,1.26419939019252,"1",0.482340513092015
0.171179032302462,1.28897990542464,"1",0.308268076795053
0.980094796861522,1.58272886567283,"1",-0.221710540044805
1.70825738855638,Inf,"1",-0.192328386736984
0.194686835864559,0.778438918059692,"1",1.02945576635043
0.458855193341151,1.24018369673286,"1",-1.36819115073821
2.25061604159418,Inf,"1",-2.04915258248858
0.703679979080334,1.56249080481939,"1",0.796526324688691
0,1.1693897859659,"1",0.32875183552689
0.613561374368146,1.64414478186518,"1",1.60064268652899
1.48863910837099,2.00749389873818,"1",-1.74756417887783
1.35377188387793,2.82637522369623,"1",1.83081949638838
1.34576885390561,2.42937694955617,"1",-0.92227435689417
0,1.0860668211244,"1",-1.2804903980757
0,1.29015078849625,"1",0.555142902942787
0,1.04151246557012,"1",1.35438524102975
1.77440179756377,3.24529666523449,"1",-2.0112513081525
0,1.48662527580746,"1",-0.376376143226156
1.46832971647382,2.9343352796277,"1",1.60111153381373
1.56105955992825,Inf,"1",-1.3857226238927
2.42544559913222,3.27745265036356,"1",-0.343652472350555
0.379494312568568,1.62566932314076,"1",-0.734406454939908
0,0.798936562612653,"1",1.09799357695912
0,1.07886340096593,"1",0.333403704265554
1.61498384317383,2.40198721771594,"1",1.28247681252616
2.43494442582596,3.47636945836712,"1",0.284402964141635
1.46152576280292,2.78049327421468,"1",-0.324634842673535
1.34652896295302,2.61632328643464,"1",-1.05433727575876
2.02614364796318,3.42256953497417,"1",0.382076145228725
0.993757537216879,2.35807279986329,"1",-0.825371636969893
2.26366914517712,Inf,"1",-0.486698753732954
1.49970121274237,Inf,"1",0.138739657692266
1.11006858211476,2.49088073743042,"1",-0.245641261362599
2.21303225308657,3.27519760304131,"1",0.613663211833507
2.16944643203169,2.77225893409923,"1",-0.405615863271212
1.81373665225692,Inf,"1",-1.60827016837668
0.878179148887284,2.2815175607102,"1",0.514329716193787
0,1.32279139850289,"1",1.40502272218306
0.336949464166537,0.572765103075653,"1",0.479121909782849
0,1.37868108123075,"1",0.393779416538166
0.664576637442224,1.2492232384393,"1",-0.88532056922236
1.37872260867152,2.47923556901515,"1",-0.0993637826511304
1.47562130552251,2.41469408024568,"1",-0.196671093182742
0.392701285891235,1.74120505945757,"1",0.0455418721762939
1.41744386195205,2.76163461583201,"1",-1.49279699452198
1.76969202817418,Inf,"1",-0.723114845573122
0,1.49653366534039,"1",-1.06999966846856
1.14750329428352,2.02463391702622,"1",-0.623849802194137
0.377119057578966,1.37286455102731,"1",0.226838163399039
1.1507261605002,1.87972472270485,"1",-0.0240115099329968
0.16544729587622,1.08170635392889,"1",1.28740818957566
1.22168855450582,2.07868693373166,"1",0.647400538897635
1.13025103602558,1.87879424833227,"1",-1.16357205533428
0,1.28847268293612,"1",0.769312990504733
0,1.32514234283008,"1",0.104130503774281
0.547551425057463,0.851082707871683,"1",1.03911775037832
1.62284048774745,2.69063475227449,"1",-0.710507565458369
0.0609427591552958,1.21333227690775,"1",0.676243067889252
0,0.952569913468324,"1",-0.101312164739543
2.0052150656702,Inf,"1",-1.21430674981122
0.557720221113414,1.86889165418688,"1",1.06035305801815
0.838801300618798,1.85548870149069,"1",1.34718693381126
1.84132750786375,3.2370211109519,"1",-1.40546741877033
0.248313663876615,1.67839557607658,"1",0.426867755829173
1.46046919631772,2.87762118503451,"1",1.01071712694764
1.65988781140186,3.15922536514699,"1",1.06218682039288
0.435344455763698,1.63865789654665,"1",-0.989896351139207
0.593431293033063,1.84945675323252,"1",1.0628300114231
1.28819624357857,2.65513701515738,"1",-0.841103000106502
1.19046821154188,1.25481846404728,"1",-1.27858716778549
0,1.48659965652041,"1",-0.229798394780356
0.845263151451945,1.44373609113973,"1",-0.106158971225128
0.0708761662244797,1.4438195413677,"1",-0.413808460945483
2.69160228024703,Inf,"1",-0.440829685523196
0.98249272769317,1.35418699099682,"1",0.738537362707601
0,0.860350471339189,"1",-0.710146417990756
0,1.18922875332646,"1",0.81373172631595
0,0.680581479915418,"1",-0.597426810154284
1.69122180109844,2.60164400667418,"1",-0.600676926019854
0,1.18954695411958,"1",0.73598184878907
0.970145425759256,1.73540877155028,"1",1.46438714238936
0,1.47138942405581,"1",-0.814390207971981
0.879491183208302,Inf,"1",-0.989067572060974
0,0.799336281605065,"1",0.098531614348143
1.79770014295354,2.19918757828418,"1",-0.133888202633678
2.56854925712105,Inf,"1",-0.407951370845391
1.41940615558997,Inf,"1",-0.175879774004997
0,0.883867512457073,"1",1.32313211025584
0.89751450845506,2.34752202022355,"1",0.264641407115951
1.26803345710505,2.32246381882578,"1",0.132701472034602
2.10803374426905,2.56783810572233,"1",-0.538420999743255
1.04343299008906,1.87302503117826,"1",1.77034795221043
0,0.531068649957888,"1",-0.158750465371852
1.14167484850623,2.4143778712023,"1",-0.920883518818479
0.335360212367959,1.11119925405364,"1",0.325136308614663
0.602983704186045,0.737287958501838,"1",1.53668109199613
1.27063033939339,2.12004750373308,"1",1.39752149638755
0,1.49174400209449,"1",-0.612923900769047
1.74535524076782,2.8113089860417,"1",1.20093451095566
1.76011048012879,2.53651917970274,"1",-0.0946304783988723
0.73726970970165,1.44115417578723,"1",0.906057804472682
0.587190702091902,1.15298090223223,"1",0.350600646686337
0,1.37419819633942,"1",-0.869236374695536
0,1.1379899099702,"1",-1.08119438889534
1.00117783143651,2.29064250842202,"1",0.936045724128846
0,1.18630653794389,"1",-0.895502573818248
0.0412106834119186,1.47995486261789,"1",-0.160105277111917
2.45504019060172,2.79895641712938,"1",-0.980930985136865
1.83399206295144,2.88489455322269,"1",-1.91137536550409
1.16116571996827,2.24840233556461,"1",0.523517829860268
0.81304730346892,1.34523822390474,"1",-0.817679270348954
0,0.790848950156942,"1",1.06237029485657
0.214146179496311,1.1386445966782,"1",-0.399020513729075
0.881253687897697,Inf,"1",1.72036606304776
1.18403942976147,2.43987390655093,"1",-0.725959404423739
0.79256670596078,1.82397163286805,"1",0.727034829038207
2.67441357322969,3.06633216189221,"1",-1.81214312864285
1.9178653343115,2.93909177184105,"1",-0.208329384281991
1.30101417994592,2.33893145795446,"1",-1.340071890523
2.1275027707452,2.81497459346429,"1",-0.0203353828749268
2.92655429290608,3.22206831886433,"1",-0.528321002130218
2.24495222931728,3.22104703565128,"1",-0.678558827027866
0.492068586288951,1.97711142338812,"1",0.33412413701751
1.05603128217626,2.3456272711046,"1",-0.41695258239125
1.46871108992491,2.82665693631861,"1",-0.920340031292231
0,0.953697337419726,"1",-0.0817600588159367
0.327619195799343,1.10917701548897,"1",0.235349314742073
1.18701593019068,2.42022936337162,"1",-0.0707119807193868
0.289957020781003,1.17747786117252,"1",0.353876926791557
0.651828544680029,2.08362665888853,"1",-0.616636411384564
0.294465067796409,1.49571227759589,"1",1.95953743120802
0.15880861657206,1.32841221406125,"1",-0.770917655143917
1.37526461679954,1.8786389445886,"1",0.291587625271612
0.109432559693232,1.09811027732212,"1",-0.165976034362583
0,1.06842104753014,"1",0.443538033161822
0,1.31845381460153,"1",1.4497316142081
0.756989200017415,2.20447194285225,"1",-0.247567599238546
1.74646118155215,2.33251118450426,"1",-1.74534502336261
0,1.17594157042913,"1",0.34392049634231
0,0.928944854065776,"1",1.04146108462132
2.59445313073229,Inf,"1",-0.754438630910412
